fixture_id,gameweek,kickoff_time,home_team,away_team,home_score,away_score,finished
1,1,2026-08-21T19:00:00Z,Arsenal,Coventry City,,,0
4,1,2026-08-22T11:30:00Z,Hull City,Man Utd,,,0
3,1,2026-08-22T14:00:00Z,Everton,Crystal Palace,,,0
5,1,2026-08-22T14:00:00Z,Ipswich Town,Sunderland,,,0
6,1,2026-08-22T14:00:00Z,Nott'm Forest,Leeds,,,0
2,1,2026-08-22T16:30:00Z,Brentford,Spurs,,,0
7,1,2026-08-23T13:00:00Z,Brighton,Aston Villa,,,0
8,1,2026-08-23T13:00:00Z,Man City,Bournemouth,,,0
9,1,2026-08-23T15:30:00Z,Newcastle,Liverpool,,,0
10,1,2026-08-24T19:00:00Z,Fulham,Chelsea,,,0
11,2,2026-08-28T19:00:00Z,Crystal Palace,Man City,,,0
14,2,2026-08-29T11:30:00Z,Liverpool,Nott'm Forest,,,0
12,2,2026-08-29T14:00:00Z,Bournemouth,Everton,,,0
13,2,2026-08-29T14:00:00Z,Coventry City,Hull City,,,0
15,2,2026-08-29T16:30:00Z,Spurs,Newcastle,,,0
16,2,2026-08-30T13:00:00Z,Chelsea,Brighton,,,0
17,2,2026-08-30T13:00:00Z,Leeds,Brentford,,,0
19,2,2026-08-30T13:00:00Z,Sunderland,Fulham,,,0
18,2,2026-08-30T15:30:00Z,Man Utd,Ipswich Town,,,0
20,2,2026-08-31T19:00:00Z,Aston Villa,Arsenal,,,0
21,3,2026-09-04T19:00:00Z,Ipswich Town,Liverpool,,,0
27,3,2026-09-05T11:30:00Z,Newcastle,Bournemouth,,,0
22,3,2026-09-05T14:00:00Z,Brentford,Sunderland,,,0
23,3,2026-09-05T14:00:00Z,Brighton,Leeds,,,0
24,3,2026-09-05T14:00:00Z,Fulham,Crystal Palace,,,0
26,3,2026-09-05T14:00:00Z,Man City,Coventry City,,,0
28,3,2026-09-05T14:00:00Z,Nott'm Forest,Spurs,,,0
25,3,2026-09-05T16:30:00Z,Hull City,Aston Villa,,,0
30,3,2026-09-06T13:00:00Z,Everton,Man Utd,,,0
29,3,2026-09-06T15:30:00Z,Arsenal,Chelsea,,,0
31,4,2026-09-12T14:00:00Z,Aston Villa,Nott'm Forest,,,0
32,4,2026-09-12T14:00:00Z,Bournemouth,Brentford,,,0
33,4,2026-09-12T14:00:00Z,Chelsea,Hull City,,,0
34,4,2026-09-12T14:00:00Z,Crystal Palace,Ipswich Town,,,0
35,4,2026-09-12T14:00:00Z,Liverpool,Fulham,,,0
37,4,2026-09-12T16:30:00Z,Spurs,Everton,,,0
36,4,2026-09-12T19:00:00Z,Sunderland,Arsenal,,,0
38,4,2026-09-13T13:00:00Z,Coventry City,Brighton,,,0
39,4,2026-09-13T15:30:00Z,Man Utd,Man City,,,0
40,4,2026-09-14T19:00:00Z,Leeds,Newcastle,,,0
41,5,2026-09-18T19:00:00Z,Brentford,Chelsea,,,0
48,5,2026-09-19T11:30:00Z,Spurs,Aston Villa,,,0
42,5,2026-09-19T14:00:00Z,Brighton,Arsenal,,,0
43,5,2026-09-19T14:00:00Z,Everton,Ipswich Town,,,0
44,5,2026-09-19T14:00:00Z,Leeds,Crystal Palace,,,0
45,5,2026-09-19T14:00:00Z,Man City,Sunderland,,,0
46,5,2026-09-19T14:00:00Z,Newcastle,Hull City,,,0
47,5,2026-09-19T16:30:00Z,Nott'm Forest,Coventry City,,,0
49,5,2026-09-20T13:00:00Z,Bournemouth,Liverpool,,,0
50,5,2026-09-20T15:30:00Z,Fulham,Man Utd,,,0
51,6,2026-10-10T14:00:00Z,Arsenal,Leeds,,,0
52,6,2026-10-10T14:00:00Z,Aston Villa,Brentford,,,0
53,6,2026-10-10T14:00:00Z,Chelsea,Bournemouth,,,0
54,6,2026-10-10T14:00:00Z,Coventry City,Newcastle,,,0
55,6,2026-10-10T14:00:00Z,Crystal Palace,Nott'm Forest,,,0
56,6,2026-10-10T14:00:00Z,Hull City,Everton,,,0
57,6,2026-10-10T14:00:00Z,Ipswich Town,Fulham,,,0
58,6,2026-10-10T14:00:00Z,Liverpool,Man City,,,0
59,6,2026-10-10T14:00:00Z,Man Utd,Spurs,,,0
60,6,2026-10-10T14:00:00Z,Sunderland,Brighton,,,0
61,7,2026-10-17T14:00:00Z,Bournemouth,Sunderland,,,0
62,7,2026-10-17T14:00:00Z,Brentford,Liverpool,,,0
63,7,2026-10-17T14:00:00Z,Brighton,Crystal Palace,,,0
64,7,2026-10-17T14:00:00Z,Everton,Chelsea,,,0
65,7,2026-10-17T14:00:00Z,Fulham,Hull City,,,0
66,7,2026-10-17T14:00:00Z,Leeds,Man Utd,,,0
67,7,2026-10-17T14:00:00Z,Man City,Ipswich Town,,,0
68,7,2026-10-17T14:00:00Z,Newcastle,Aston Villa,,,0
69,7,2026-10-17T14:00:00Z,Nott'm Forest,Arsenal,,,0
70,7,2026-10-17T14:00:00Z,Spurs,Coventry City,,,0
71,8,2026-10-24T14:00:00Z,Arsenal,Everton,,,0
72,8,2026-10-24T14:00:00Z,Aston Villa,Man City,,,0
73,8,2026-10-24T14:00:00Z,Chelsea,Spurs,,,0
74,8,2026-10-24T14:00:00Z,Coventry City,Fulham,,,0
75,8,2026-10-24T14:00:00Z,Crystal Palace,Newcastle,,,0
76,8,2026-10-24T14:00:00Z,Hull City,Brentford,,,0
77,8,2026-10-24T14:00:00Z,Ipswich Town,Nott'm Forest,,,0
78,8,2026-10-24T14:00:00Z,Liverpool,Brighton,,,0
79,8,2026-10-24T14:00:00Z,Man Utd,Bournemouth,,,0
80,8,2026-10-24T14:00:00Z,Sunderland,Leeds,,,0
81,9,2026-10-31T15:00:00Z,Aston Villa,Fulham,,,0
82,9,2026-10-31T15:00:00Z,Bournemouth,Leeds,,,0
83,9,2026-10-31T15:00:00Z,Brentford,Nott'm Forest,,,0
84,9,2026-10-31T15:00:00Z,Chelsea,Man Utd,,,0
85,9,2026-10-31T15:00:00Z,Coventry City,Sunderland,,,0
86,9,2026-10-31T15:00:00Z,Hull City,Ipswich Town,,,0
87,9,2026-10-31T15:00:00Z,Liverpool,Arsenal,,,0
88,9,2026-10-31T15:00:00Z,Man City,Brighton,,,0
89,9,2026-10-31T15:00:00Z,Newcastle,Everton,,,0
90,9,2026-10-31T15:00:00Z,Spurs,Crystal Palace,,,0
100,10,2026-11-07T15:00:00Z,Sunderland,Chelsea,,,0
91,10,2026-11-07T15:00:00Z,Arsenal,Hull City,,,0
92,10,2026-11-07T15:00:00Z,Brighton,Brentford,,,0
93,10,2026-11-07T15:00:00Z,Crystal Palace,Liverpool,,,0
94,10,2026-11-07T15:00:00Z,Everton,Coventry City,,,0
95,10,2026-11-07T15:00:00Z,Fulham,Newcastle,,,0
96,10,2026-11-07T15:00:00Z,Ipswich Town,Bournemouth,,,0
97,10,2026-11-07T15:00:00Z,Leeds,Spurs,,,0
98,10,2026-11-07T15:00:00Z,Man Utd,Aston Villa,,,0
99,10,2026-11-07T15:00:00Z,Nott'm Forest,Man City,,,0
101,11,2026-11-21T15:00:00Z,Aston Villa,Sunderland,,,0
102,11,2026-11-21T15:00:00Z,Bournemouth,Nott'm Forest,,,0
103,11,2026-11-21T15:00:00Z,Brentford,Everton,,,0
104,11,2026-11-21T15:00:00Z,Chelsea,Leeds,,,0
105,11,2026-11-21T15:00:00Z,Coventry City,Crystal Palace,,,0
106,11,2026-11-21T15:00:00Z,Hull City,Brighton,,,0
107,11,2026-11-21T15:00:00Z,Liverpool,Man Utd,,,0
108,11,2026-11-21T15:00:00Z,Man City,Fulham,,,0
109,11,2026-11-21T15:00:00Z,Newcastle,Arsenal,,,0
110,11,2026-11-21T15:00:00Z,Spurs,Ipswich Town,,,0
111,12,2026-11-28T15:00:00Z,Arsenal,Man City,,,0
112,12,2026-11-28T15:00:00Z,Brighton,Newcastle,,,0
113,12,2026-11-28T15:00:00Z,Crystal Palace,Hull City,,,0
114,12,2026-11-28T15:00:00Z,Everton,Liverpool,,,0
115,12,2026-11-28T15:00:00Z,Fulham,Bournemouth,,,0
116,12,2026-11-28T15:00:00Z,Ipswich Town,Aston Villa,,,0
117,12,2026-11-28T15:00:00Z,Leeds,Coventry City,,,0
118,12,2026-11-28T15:00:00Z,Man Utd,Brentford,,,0
119,12,2026-11-28T15:00:00Z,Nott'm Forest,Chelsea,,,0
120,12,2026-11-28T15:00:00Z,Sunderland,Spurs,,,0
121,13,2026-12-02T20:00:00Z,Aston Villa,Everton,,,0
122,13,2026-12-02T20:00:00Z,Bournemouth,Brighton,,,0
123,13,2026-12-02T20:00:00Z,Brentford,Arsenal,,,0
124,13,2026-12-02T20:00:00Z,Chelsea,Crystal Palace,,,0
125,13,2026-12-02T20:00:00Z,Coventry City,Ipswich Town,,,0
126,13,2026-12-02T20:00:00Z,Hull City,Nott'm Forest,,,0
127,13,2026-12-02T20:00:00Z,Liverpool,Sunderland,,,0
128,13,2026-12-02T20:00:00Z,Man City,Leeds,,,0
129,13,2026-12-02T20:00:00Z,Newcastle,Man Utd,,,0
130,13,2026-12-02T20:00:00Z,Spurs,Fulham,,,0
131,14,2026-12-05T15:00:00Z,Aston Villa,Crystal Palace,,,0
132,14,2026-12-05T15:00:00Z,Bournemouth,Hull City,,,0
133,14,2026-12-05T15:00:00Z,Brentford,Man City,,,0
134,14,2026-12-05T15:00:00Z,Chelsea,Liverpool,,,0
135,14,2026-12-05T15:00:00Z,Everton,Fulham,,,0
136,14,2026-12-05T15:00:00Z,Leeds,Ipswich Town,,,0
137,14,2026-12-05T15:00:00Z,Man Utd,Coventry City,,,0
138,14,2026-12-05T15:00:00Z,Newcastle,Sunderland,,,0
139,14,2026-12-05T15:00:00Z,Nott'm Forest,Brighton,,,0
140,14,2026-12-05T15:00:00Z,Spurs,Arsenal,,,0
141,15,2026-12-12T15:00:00Z,Arsenal,Bournemouth,,,0
142,15,2026-12-12T15:00:00Z,Brighton,Everton,,,0
143,15,2026-12-12T15:00:00Z,Coventry City,Aston Villa,,,0
144,15,2026-12-12T15:00:00Z,Crystal Palace,Man Utd,,,0
145,15,2026-12-12T15:00:00Z,Fulham,Brentford,,,0
146,15,2026-12-12T15:00:00Z,Hull City,Spurs,,,0
147,15,2026-12-12T15:00:00Z,Ipswich Town,Newcastle,,,0
148,15,2026-12-12T15:00:00Z,Liverpool,Leeds,,,0
149,15,2026-12-12T15:00:00Z,Man City,Chelsea,,,0
150,15,2026-12-12T15:00:00Z,Sunderland,Nott'm Forest,,,0
151,16,2026-12-19T15:00:00Z,Arsenal,Man Utd,,,0
152,16,2026-12-19T15:00:00Z,Bournemouth,Coventry City,,,0
153,16,2026-12-19T15:00:00Z,Brentford,Newcastle,,,0
154,16,2026-12-19T15:00:00Z,Brighton,Ipswich Town,,,0
155,16,2026-12-19T15:00:00Z,Chelsea,Aston Villa,,,0
156,16,2026-12-19T15:00:00Z,Leeds,Fulham,,,0
157,16,2026-12-19T15:00:00Z,Liverpool,Spurs,,,0
158,16,2026-12-19T15:00:00Z,Man City,Hull City,,,0
159,16,2026-12-19T15:00:00Z,Nott'm Forest,Everton,,,0
160,16,2026-12-19T15:00:00Z,Sunderland,Crystal Palace,,,0
161,17,2026-12-26T15:00:00Z,Aston Villa,Leeds,,,0
162,17,2026-12-26T15:00:00Z,Coventry City,Chelsea,,,0
163,17,2026-12-26T15:00:00Z,Crystal Palace,Arsenal,,,0
164,17,2026-12-26T15:00:00Z,Everton,Sunderland,,,0
165,17,2026-12-26T15:00:00Z,Fulham,Brighton,,,0
166,17,2026-12-26T15:00:00Z,Hull City,Liverpool,,,0
167,17,2026-12-26T15:00:00Z,Ipswich Town,Brentford,,,0
168,17,2026-12-26T15:00:00Z,Man Utd,Nott'm Forest,,,0
169,17,2026-12-26T15:00:00Z,Newcastle,Man City,,,0
170,17,2026-12-26T15:00:00Z,Spurs,Bournemouth,,,0
171,18,2026-12-30T20:00:00Z,Aston Villa,Liverpool,,,0
172,18,2026-12-30T20:00:00Z,Coventry City,Brentford,,,0
173,18,2026-12-30T20:00:00Z,Crystal Palace,Bournemouth,,,0
174,18,2026-12-30T20:00:00Z,Everton,Man City,,,0
175,18,2026-12-30T20:00:00Z,Fulham,Arsenal,,,0
176,18,2026-12-30T20:00:00Z,Hull City,Leeds,,,0
177,18,2026-12-30T20:00:00Z,Ipswich Town,Chelsea,,,0
178,18,2026-12-30T20:00:00Z,Man Utd,Sunderland,,,0
179,18,2026-12-30T20:00:00Z,Newcastle,Nott'm Forest,,,0
180,18,2026-12-30T20:00:00Z,Spurs,Brighton,,,0
181,19,2027-01-02T15:00:00Z,Arsenal,Ipswich Town,,,0
182,19,2027-01-02T15:00:00Z,Bournemouth,Aston Villa,,,0
183,19,2027-01-02T15:00:00Z,Brentford,Crystal Palace,,,0
184,19,2027-01-02T15:00:00Z,Brighton,Man Utd,,,0
185,19,2027-01-02T15:00:00Z,Chelsea,Newcastle,,,0
186,19,2027-01-02T15:00:00Z,Leeds,Everton,,,0
187,19,2027-01-02T15:00:00Z,Liverpool,Coventry City,,,0
188,19,2027-01-02T15:00:00Z,Man City,Spurs,,,0
189,19,2027-01-02T15:00:00Z,Nott'm Forest,Fulham,,,0
190,19,2027-01-02T15:00:00Z,Sunderland,Hull City,,,0
191,20,2027-01-06T20:00:00Z,Arsenal,Brentford,,,0
192,20,2027-01-06T20:00:00Z,Brighton,Bournemouth,,,0
193,20,2027-01-06T20:00:00Z,Crystal Palace,Chelsea,,,0
194,20,2027-01-06T20:00:00Z,Everton,Aston Villa,,,0
195,20,2027-01-06T20:00:00Z,Fulham,Spurs,,,0
196,20,2027-01-06T20:00:00Z,Ipswich Town,Coventry City,,,0
197,20,2027-01-06T20:00:00Z,Leeds,Man City,,,0
198,20,2027-01-06T20:00:00Z,Man Utd,Newcastle,,,0
199,20,2027-01-06T20:00:00Z,Nott'm Forest,Hull City,,,0
200,20,2027-01-06T20:00:00Z,Sunderland,Liverpool,,,0
201,21,2027-01-16T15:00:00Z,Aston Villa,Man Utd,,,0
202,21,2027-01-16T15:00:00Z,Bournemouth,Ipswich Town,,,0
203,21,2027-01-16T15:00:00Z,Brentford,Brighton,,,0
204,21,2027-01-16T15:00:00Z,Chelsea,Sunderland,,,0
205,21,2027-01-16T15:00:00Z,Coventry City,Everton,,,0
206,21,2027-01-16T15:00:00Z,Hull City,Arsenal,,,0
207,21,2027-01-16T15:00:00Z,Liverpool,Crystal Palace,,,0
208,21,2027-01-16T15:00:00Z,Man City,Nott'm Forest,,,0
209,21,2027-01-16T15:00:00Z,Newcastle,Fulham,,,0
210,21,2027-01-16T15:00:00Z,Spurs,Leeds,,,0
211,22,2027-01-23T15:00:00Z,Arsenal,Newcastle,,,0
212,22,2027-01-23T15:00:00Z,Brighton,Man City,,,0
213,22,2027-01-23T15:00:00Z,Crystal Palace,Spurs,,,0
214,22,2027-01-23T15:00:00Z,Everton,Brentford,,,0
215,22,2027-01-23T15:00:00Z,Fulham,Aston Villa,,,0
216,22,2027-01-23T15:00:00Z,Ipswich Town,Hull City,,,0
217,22,2027-01-23T15:00:00Z,Leeds,Chelsea,,,0
218,22,2027-01-23T15:00:00Z,Man Utd,Liverpool,,,0
219,22,2027-01-23T15:00:00Z,Nott'm Forest,Bournemouth,,,0
220,22,2027-01-23T15:00:00Z,Sunderland,Coventry City,,,0
221,23,2027-01-30T15:00:00Z,Aston Villa,Ipswich Town,,,0
222,23,2027-01-30T15:00:00Z,Bournemouth,Fulham,,,0
223,23,2027-01-30T15:00:00Z,Brentford,Man Utd,,,0
224,23,2027-01-30T15:00:00Z,Chelsea,Nott'm Forest,,,0
225,23,2027-01-30T15:00:00Z,Coventry City,Leeds,,,0
226,23,2027-01-30T15:00:00Z,Hull City,Crystal Palace,,,0
227,23,2027-01-30T15:00:00Z,Liverpool,Everton,,,0
228,23,2027-01-30T15:00:00Z,Man City,Arsenal,,,0
229,23,2027-01-30T15:00:00Z,Newcastle,Brighton,,,0
230,23,2027-01-30T15:00:00Z,Spurs,Sunderland,,,0
231,24,2027-02-06T15:00:00Z,Arsenal,Liverpool,,,0
232,24,2027-02-06T15:00:00Z,Brighton,Hull City,,,0
233,24,2027-02-06T15:00:00Z,Crystal Palace,Coventry City,,,0
234,24,2027-02-06T15:00:00Z,Everton,Newcastle,,,0
235,24,2027-02-06T15:00:00Z,Fulham,Man City,,,0
236,24,2027-02-06T15:00:00Z,Ipswich Town,Spurs,,,0
237,24,2027-02-06T15:00:00Z,Leeds,Bournemouth,,,0
238,24,2027-02-06T15:00:00Z,Man Utd,Chelsea,,,0
239,24,2027-02-06T15:00:00Z,Nott'm Forest,Brentford,,,0
240,24,2027-02-06T15:00:00Z,Sunderland,Aston Villa,,,0
241,25,2027-02-10T20:00:00Z,Aston Villa,Bournemouth,,,0
242,25,2027-02-10T20:00:00Z,Coventry City,Liverpool,,,0
243,25,2027-02-10T20:00:00Z,Crystal Palace,Brentford,,,0
244,25,2027-02-10T20:00:00Z,Everton,Leeds,,,0
245,25,2027-02-10T20:00:00Z,Fulham,Nott'm Forest,,,0
246,25,2027-02-10T20:00:00Z,Hull City,Sunderland,,,0
247,25,2027-02-10T20:00:00Z,Ipswich Town,Arsenal,,,0
248,25,2027-02-10T20:00:00Z,Man Utd,Brighton,,,0
249,25,2027-02-10T20:00:00Z,Newcastle,Chelsea,,,0
250,25,2027-02-10T20:00:00Z,Spurs,Man City,,,0
251,26,2027-02-20T15:00:00Z,Arsenal,Fulham,,,0
252,26,2027-02-20T15:00:00Z,Bournemouth,Crystal Palace,,,0
253,26,2027-02-20T15:00:00Z,Brentford,Coventry City,,,0
254,26,2027-02-20T15:00:00Z,Brighton,Spurs,,,0
255,26,2027-02-20T15:00:00Z,Chelsea,Ipswich Town,,,0
256,26,2027-02-20T15:00:00Z,Leeds,Aston Villa,,,0
257,26,2027-02-20T15:00:00Z,Liverpool,Hull City,,,0
258,26,2027-02-20T15:00:00Z,Man City,Newcastle,,,0
259,26,2027-02-20T15:00:00Z,Nott'm Forest,Man Utd,,,0
260,26,2027-02-20T15:00:00Z,Sunderland,Everton,,,0
261,27,2027-02-27T15:00:00Z,Aston Villa,Chelsea,,,0
262,27,2027-02-27T15:00:00Z,Coventry City,Bournemouth,,,0
263,27,2027-02-27T15:00:00Z,Crystal Palace,Sunderland,,,0
264,27,2027-02-27T15:00:00Z,Everton,Nott'm Forest,,,0
265,27,2027-02-27T15:00:00Z,Fulham,Leeds,,,0
266,27,2027-02-27T15:00:00Z,Hull City,Man City,,,0
267,27,2027-02-27T15:00:00Z,Ipswich Town,Brighton,,,0
268,27,2027-02-27T15:00:00Z,Man Utd,Arsenal,,,0
269,27,2027-02-27T15:00:00Z,Newcastle,Brentford,,,0
270,27,2027-02-27T15:00:00Z,Spurs,Liverpool,,,0
271,28,2027-03-03T20:00:00Z,Arsenal,Crystal Palace,,,0
272,28,2027-03-03T20:00:00Z,Bournemouth,Spurs,,,0
273,28,2027-03-03T20:00:00Z,Brentford,Ipswich Town,,,0
274,28,2027-03-03T20:00:00Z,Brighton,Fulham,,,0
275,28,2027-03-03T20:00:00Z,Chelsea,Coventry City,,,0
276,28,2027-03-03T20:00:00Z,Leeds,Hull City,,,0
277,28,2027-03-03T20:00:00Z,Liverpool,Aston Villa,,,0
278,28,2027-03-03T20:00:00Z,Man City,Everton,,,0
279,28,2027-03-03T20:00:00Z,Nott'm Forest,Newcastle,,,0
280,28,2027-03-03T20:00:00Z,Sunderland,Man Utd,,,0
281,29,2027-03-13T15:00:00Z,Aston Villa,Hull City,,,0
282,29,2027-03-13T15:00:00Z,Bournemouth,Newcastle,,,0
283,29,2027-03-13T15:00:00Z,Chelsea,Arsenal,,,0
284,29,2027-03-13T15:00:00Z,Coventry City,Man City,,,0
285,29,2027-03-13T15:00:00Z,Crystal Palace,Fulham,,,0
286,29,2027-03-13T15:00:00Z,Leeds,Brighton,,,0
287,29,2027-03-13T15:00:00Z,Liverpool,Ipswich Town,,,0
288,29,2027-03-13T15:00:00Z,Man Utd,Everton,,,0
289,29,2027-03-13T15:00:00Z,Sunderland,Brentford,,,0
290,29,2027-03-13T15:00:00Z,Spurs,Nott'm Forest,,,0
291,30,2027-03-20T15:00:00Z,Arsenal,Sunderland,,,0
292,30,2027-03-20T15:00:00Z,Brentford,Bournemouth,,,0
293,30,2027-03-20T15:00:00Z,Brighton,Coventry City,,,0
294,30,2027-03-20T15:00:00Z,Everton,Spurs,,,0
295,30,2027-03-20T15:00:00Z,Fulham,Liverpool,,,0
296,30,2027-03-20T15:00:00Z,Hull City,Chelsea,,,0
297,30,2027-03-20T15:00:00Z,Ipswich Town,Crystal Palace,,,0
298,30,2027-03-20T15:00:00Z,Man City,Man Utd,,,0
299,30,2027-03-20T15:00:00Z,Newcastle,Leeds,,,0
300,30,2027-03-20T15:00:00Z,Nott'm Forest,Aston Villa,,,0
301,31,2027-04-10T14:00:00Z,Aston Villa,Brighton,,,0
302,31,2027-04-10T14:00:00Z,Bournemouth,Man City,,,0
303,31,2027-04-10T14:00:00Z,Chelsea,Fulham,,,0
304,31,2027-04-10T14:00:00Z,Coventry City,Arsenal,,,0
305,31,2027-04-10T14:00:00Z,Crystal Palace,Everton,,,0
306,31,2027-04-10T14:00:00Z,Leeds,Nott'm Forest,,,0
307,31,2027-04-10T14:00:00Z,Liverpool,Newcastle,,,0
308,31,2027-04-10T14:00:00Z,Man Utd,Hull City,,,0
309,31,2027-04-10T14:00:00Z,Sunderland,Ipswich Town,,,0
310,31,2027-04-10T14:00:00Z,Spurs,Brentford,,,0
311,32,2027-04-17T14:00:00Z,Arsenal,Aston Villa,,,0
312,32,2027-04-17T14:00:00Z,Brentford,Leeds,,,0
313,32,2027-04-17T14:00:00Z,Brighton,Chelsea,,,0
314,32,2027-04-17T14:00:00Z,Everton,Bournemouth,,,0
315,32,2027-04-17T14:00:00Z,Fulham,Sunderland,,,0
316,32,2027-04-17T14:00:00Z,Hull City,Coventry City,,,0
317,32,2027-04-17T14:00:00Z,Ipswich Town,Man Utd,,,0
318,32,2027-04-17T14:00:00Z,Man City,Crystal Palace,,,0
319,32,2027-04-17T14:00:00Z,Newcastle,Spurs,,,0
320,32,2027-04-17T14:00:00Z,Nott'm Forest,Liverpool,,,0
321,33,2027-04-24T14:00:00Z,Aston Villa,Coventry City,,,0
322,33,2027-04-24T14:00:00Z,Bournemouth,Arsenal,,,0
323,33,2027-04-24T14:00:00Z,Brentford,Fulham,,,0
324,33,2027-04-24T14:00:00Z,Chelsea,Man City,,,0
325,33,2027-04-24T14:00:00Z,Everton,Brighton,,,0
326,33,2027-04-24T14:00:00Z,Leeds,Liverpool,,,0
327,33,2027-04-24T14:00:00Z,Man Utd,Crystal Palace,,,0
328,33,2027-04-24T14:00:00Z,Newcastle,Ipswich Town,,,0
329,33,2027-04-24T14:00:00Z,Nott'm Forest,Sunderland,,,0
330,33,2027-04-24T14:00:00Z,Spurs,Hull City,,,0
331,34,2027-05-01T14:00:00Z,Arsenal,Spurs,,,0
332,34,2027-05-01T14:00:00Z,Brighton,Nott'm Forest,,,0
333,34,2027-05-01T14:00:00Z,Coventry City,Man Utd,,,0
334,34,2027-05-01T14:00:00Z,Crystal Palace,Aston Villa,,,0
335,34,2027-05-01T14:00:00Z,Fulham,Everton,,,0
336,34,2027-05-01T14:00:00Z,Hull City,Bournemouth,,,0
337,34,2027-05-01T14:00:00Z,Ipswich Town,Leeds,,,0
338,34,2027-05-01T14:00:00Z,Liverpool,Chelsea,,,0
339,34,2027-05-01T14:00:00Z,Man City,Brentford,,,0
340,34,2027-05-01T14:00:00Z,Sunderland,Newcastle,,,0
341,35,2027-05-08T14:00:00Z,Bournemouth,Man Utd,,,0
342,35,2027-05-08T14:00:00Z,Brentford,Aston Villa,,,0
343,35,2027-05-08T14:00:00Z,Brighton,Sunderland,,,0
344,35,2027-05-08T14:00:00Z,Everton,Hull City,,,0
345,35,2027-05-08T14:00:00Z,Fulham,Ipswich Town,,,0
346,35,2027-05-08T14:00:00Z,Leeds,Arsenal,,,0
347,35,2027-05-08T14:00:00Z,Man City,Liverpool,,,0
348,35,2027-05-08T14:00:00Z,Newcastle,Coventry City,,,0
349,35,2027-05-08T14:00:00Z,Nott'm Forest,Crystal Palace,,,0
350,35,2027-05-08T14:00:00Z,Spurs,Chelsea,,,0
351,36,2027-05-15T14:00:00Z,Arsenal,Nott'm Forest,,,0
352,36,2027-05-15T14:00:00Z,Aston Villa,Newcastle,,,0
353,36,2027-05-15T14:00:00Z,Chelsea,Everton,,,0
354,36,2027-05-15T14:00:00Z,Coventry City,Spurs,,,0
355,36,2027-05-15T14:00:00Z,Crystal Palace,Brighton,,,0
356,36,2027-05-15T14:00:00Z,Hull City,Fulham,,,0
357,36,2027-05-15T14:00:00Z,Ipswich Town,Man City,,,0
358,36,2027-05-15T14:00:00Z,Liverpool,Brentford,,,0
359,36,2027-05-15T14:00:00Z,Man Utd,Leeds,,,0
360,36,2027-05-15T14:00:00Z,Sunderland,Bournemouth,,,0
361,37,2027-05-23T14:00:00Z,Bournemouth,Chelsea,,,0
362,37,2027-05-23T14:00:00Z,Brentford,Hull City,,,0
363,37,2027-05-23T14:00:00Z,Brighton,Liverpool,,,0
364,37,2027-05-23T14:00:00Z,Everton,Arsenal,,,0
365,37,2027-05-23T14:00:00Z,Fulham,Coventry City,,,0
366,37,2027-05-23T14:00:00Z,Leeds,Sunderland,,,0
367,37,2027-05-23T14:00:00Z,Man City,Aston Villa,,,0
368,37,2027-05-23T14:00:00Z,Newcastle,Crystal Palace,,,0
369,37,2027-05-23T14:00:00Z,Nott'm Forest,Ipswich Town,,,0
370,37,2027-05-23T14:00:00Z,Spurs,Man Utd,,,0
371,38,2027-05-30T15:00:00Z,Arsenal,Brighton,,,0
372,38,2027-05-30T15:00:00Z,Aston Villa,Spurs,,,0
373,38,2027-05-30T15:00:00Z,Chelsea,Brentford,,,0
374,38,2027-05-30T15:00:00Z,Coventry City,Nott'm Forest,,,0
375,38,2027-05-30T15:00:00Z,Crystal Palace,Leeds,,,0
376,38,2027-05-30T15:00:00Z,Hull City,Newcastle,,,0
377,38,2027-05-30T15:00:00Z,Ipswich Town,Everton,,,0
378,38,2027-05-30T15:00:00Z,Liverpool,Bournemouth,,,0
379,38,2027-05-30T15:00:00Z,Man Utd,Fulham,,,0
380,38,2027-05-30T15:00:00Z,Sunderland,Man City,,,0
