player_id,web_name,first_name,second_name,team,team_short_name,position,price_millions,selected_by_percent,transfers_in,transfers_out,status,chance_of_playing_next_round,news,captured_at
350,A.Becker,Alisson,Becker,Liverpool,LIV,GK,5.5,4.2,0,0,a,,,2026-07-28T16:37:26.460290+00:00
38,A.García,Andrés,García,Aston Villa,AVL,DEF,4.0,1.5,0,0,a,,,2026-07-28T16:37:26.460290+00:00
451,A.Murphy,Alex,Murphy,Newcastle,NEW,DEF,4.0,0.8,0,0,a,,,2026-07-28T16:37:26.460290+00:00
337,Aaronson,Brenden,Aaronson,Leeds,LEE,MID,5.5,0.6,0,0,a,,,2026-07-28T16:37:26.460290+00:00
477,Abbott,Zach,Abbott,Nott'm Forest,NFO,DEF,4.0,0.2,0,0,a,,,2026-07-28T16:37:26.460290+00:00
56,Abraham,Tammy,Abraham,Aston Villa,AVL,FWD,5.5,0.0,0,0,i,0,Shoulder injury - Expected back 23 Aug,2026-07-28T16:37:26.460290+00:00
151,Acheampong,Josh,Acheampong,Chelsea,CHE,DEF,4.5,0.2,0,0,a,,,2026-07-28T16:37:26.460290+00:00
73,Adams,Tyler,Adams,Bournemouth,BOU,MID,5.0,0.7,0,0,a,,,2026-07-28T16:37:26.460290+00:00
546,Adingra,Simon,Adingra,Sunderland,SUN,MID,5.0,0.3,0,0,a,,,2026-07-28T16:37:26.460290+00:00
77,Adli,Amine,Adli,Bournemouth,BOU,MID,5.0,0.2,0,0,a,,,2026-07-28T16:37:26.460290+00:00
473,Aina,Ola,Aina,Nott'm Forest,NFO,DEF,4.5,5.0,0,0,a,,,2026-07-28T16:37:26.460290+00:00
279,Ajayi,Semi,Ajayi,Hull City,HUL,DEF,4.0,0.6,0,0,a,,,2026-07-28T16:37:26.460290+00:00
87,Ajer,Kristoffer,Ajer,Brentford,BRE,DEF,4.5,0.5,0,0,a,,,2026-07-28T16:37:26.460290+00:00
296,Akintola,David,Akintola,Hull City,HUL,MID,5.0,0.1,0,0,a,,,2026-07-28T16:37:26.460290+00:00
320,Akpom,Chuba,Akpom,Ipswich Town,IPS,FWD,5.0,0.5,0,0,a,,,2026-07-28T16:37:26.460290+00:00
322,Al-Hamadi,Ali,Al-Hamadi,Ipswich Town,IPS,FWD,5.0,0.2,0,0,a,,,2026-07-28T16:37:26.460290+00:00
243,Alcaraz,Carlos,Alcaraz Durán,Everton,EVE,MID,5.0,0.1,0,0,a,,,2026-07-28T16:37:26.460290+00:00
535,Alderete,Omar,Alderete,Sunderland,SUN,DEF,5.0,1.3,0,0,a,,,2026-07-28T16:37:26.460290+00:00
394,Alleyne,Max,Alleyne,Man City,MCI,DEF,5.0,0.0,0,0,a,,,2026-07-28T16:37:26.460290+00:00
52,Alysson,Alysson Edward Franco,da Rocha dos Santos,Aston Villa,AVL,MID,5.0,0.0,0,0,a,,,2026-07-28T16:37:26.460290+00:00
431,Amad,Amad,Diallo,Man Utd,MUN,MID,6.0,1.5,0,0,a,,,2026-07-28T16:37:26.460290+00:00
424,Amass,Harry,Amass,Man Utd,MUN,DEF,4.0,0.2,0,0,a,,,2026-07-28T16:37:26.460290+00:00
182,Amenda,Aurèle,Amenda,Coventry City,COV,DEF,4.0,0.5,0,0,a,,,2026-07-28T16:37:26.460290+00:00
338,Ampadu,Ethan,Ampadu,Leeds,LEE,MID,5.5,1.3,0,0,a,,,2026-07-28T16:37:26.460290+00:00
253,Andersen,Joachim,Andersen,Fulham,FUL,DEF,5.0,0.1,0,0,s,0,Suspended until 29 Aug,2026-07-28T16:37:26.460290+00:00
481,Anderson,Elliot,Anderson,Man City,MCI,MID,6.5,12.1,0,0,a,,,2026-07-28T16:37:26.460290+00:00
192,Andrews,Kaine,Andrews,Coventry City,COV,MID,4.5,0.7,0,0,a,,,2026-07-28T16:37:26.460290+00:00
162,Andrey Santos,Andrey,Nascimento dos Santos,Man Utd,MUN,MID,5.0,1.5,0,0,a,,,2026-07-28T16:37:26.460290+00:00
551,Angulo,Nilson,Angulo,Sunderland,SUN,MID,5.0,0.1,0,0,a,,,2026-07-28T16:37:26.460290+00:00
561,Anselmino,Aaron,Anselmino,Chelsea,CHE,DEF,4.5,0.0,0,0,a,,,2026-07-28T16:37:26.460290+00:00
105,Anthony,Jaidon,Anthony,Brentford,BRE,MID,6.0,0.3,0,0,a,,,2026-07-28T16:37:26.460290+00:00
244,Armstrong,Harrison,Armstrong,Everton,EVE,MID,5.0,0.1,0,0,a,,,2026-07-28T16:37:26.460290+00:00
2,Arrizabalaga,Kepa,Arrizabalaga Revuelta,Arsenal,ARS,GK,5.0,0.2,0,0,a,,,2026-07-28T16:37:26.460290+00:00
495,Austin,Brandon,Austin,Spurs,TOT,GK,4.0,0.6,0,0,a,,,2026-07-28T16:37:26.460290+00:00
492,Awoniyi,Taiwo,Awoniyi,Nott'm Forest,NFO,FWD,5.5,0.4,0,0,a,,,2026-07-28T16:37:26.460290+00:00
129,Ayari,Yasin,Ayari,Brighton,BHA,MID,5.5,0.6,0,0,a,,,2026-07-28T16:37:26.460290+00:00
235,Aznou,Adam,Aznou,Everton,EVE,DEF,4.0,0.2,0,0,a,,,2026-07-28T16:37:26.460290+00:00
392,Aït-Nouri,Rayan,Aït-Nouri,Man City,MCI,DEF,5.5,0.9,0,0,a,,,2026-07-28T16:37:26.460290+00:00
146,B.Badiashile,Benoît,Badiashile Mukinayi,Chelsea,CHE,DEF,4.5,0.1,0,0,a,,,2026-07-28T16:37:26.460290+00:00
426,B.Fernandes,Bruno,Borges Fernandes,Man Utd,MUN,MID,12.0,48.7,0,0,a,,,2026-07-28T16:37:26.460290+00:00
44,Bailey,Leon,Bailey,Aston Villa,AVL,MID,5.5,0.1,0,0,a,,,2026-07-28T16:37:26.460290+00:00
376,Bajcetic,Stefan,Bajčetić Maquieira,Liverpool,LIV,MID,5.0,0.0,0,0,i,0,Hamstring injury - Expected back 23 Aug,2026-07-28T16:37:26.460290+00:00
485,Bakwa,Dilane,Bakwa,Nott'm Forest,NFO,MID,5.5,0.0,0,0,a,,,2026-07-28T16:37:26.460290+00:00
131,Baleba,Carlos,Baleba,Brighton,BHA,MID,5.0,0.6,0,0,a,,,2026-07-28T16:37:26.460290+00:00
532,Ballard,Daniel,Ballard,Sunderland,SUN,DEF,5.0,2.8,0,0,a,,,2026-07-28T16:37:26.460290+00:00
559,Bamba,Aladji,Bamba,Newcastle,NEW,MID,5.0,0.1,0,0,a,,,2026-07-28T16:37:26.460290+00:00
46,Barkley,Ross,Barkley,Aston Villa,AVL,MID,5.0,0.2,0,0,a,,,2026-07-28T16:37:26.460290+00:00
453,Barnes,Harvey,Barnes,Newcastle,NEW,MID,6.0,1.1,0,0,a,,,2026-07-28T16:37:26.460290+00:00
249,Barry,Thierno,Barry,Everton,EVE,FWD,5.5,1.0,0,0,a,,,2026-07-28T16:37:26.460290+00:00
197,Bassette,Norman,Bassette,Coventry City,COV,FWD,4.5,1.5,0,0,u,0,Has joined KVC Westerlo on loan for the rest of the season,2026-07-28T16:37:26.460290+00:00
257,Bassey,Calvin,Bassey,Fulham,FUL,DEF,4.5,0.5,0,0,a,,,2026-07-28T16:37:26.460290+00:00
413,Bayindir,Altay,Bayındır,Man Utd,MUN,GK,4.5,0.2,0,0,a,,,2026-07-28T16:37:26.460290+00:00
286,Belloumi,Mohamed,Belloumi,Hull City,HUL,MID,5.0,0.6,0,0,a,,,2026-07-28T16:37:26.460290+00:00
437,Bendito Mantato,Bendito,Mantato,Man Utd,MUN,MID,4.5,0.2,0,0,a,,,2026-07-28T16:37:26.460290+00:00
199,Benitez,Walter,Benítez,Crystal Palace,CRY,GK,4.5,0.1,0,0,a,,,2026-07-28T16:37:26.460290+00:00
516,Bentancur,Rodrigo,Bentancur,Spurs,TOT,MID,5.5,0.1,0,0,a,,,2026-07-28T16:37:26.460290+00:00
265,Berge,Sander,Berge,Fulham,FUL,MID,5.0,0.4,0,0,a,,,2026-07-28T16:37:26.460290+00:00
520,Bergvall,Lucas,Bergvall,Spurs,TOT,MID,5.5,0.2,0,0,a,,,2026-07-28T16:37:26.460290+00:00
248,Beto,Norberto Bercique,Gomes Betuncal,Everton,EVE,FWD,5.5,3.4,0,0,a,,,2026-07-28T16:37:26.460290+00:00
386,Bettinelli,Marcus,Bettinelli,Man City,MCI,GK,4.5,0.0,0,0,a,,,2026-07-28T16:37:26.460290+00:00
178,Bidwell,Jake,Bidwell,Coventry City,COV,DEF,4.0,0.1,0,0,a,,,2026-07-28T16:37:26.460290+00:00
327,Bijol,Jaka,Bijol,Leeds,LEE,DEF,5.0,0.4,0,0,a,,,2026-07-28T16:37:26.460290+00:00
479,Bindon,Tyler,Bindon,Nott'm Forest,NFO,DEF,4.0,0.2,0,0,a,,,2026-07-28T16:37:26.460290+00:00
264,Bobb,Oscar,Bobb,Fulham,FUL,MID,5.5,0.5,0,0,a,,,2026-07-28T16:37:26.460290+00:00
35,Bogarde,Lamare,Bogarde,Aston Villa,AVL,MID,5.0,0.1,0,0,a,,,2026-07-28T16:37:26.460290+00:00
330,Bogle,Jayden,Bogle,Leeds,LEE,DEF,4.5,0.4,0,0,a,,,2026-07-28T16:37:26.460290+00:00
191,Borges Rodrigues,Raphael,Borges Rodrigues,Coventry City,COV,MID,4.5,0.2,0,0,a,,,2026-07-28T16:37:26.460290+00:00
333,Bornauw,Sebastiaan,Bornauw,Leeds,LEE,DEF,4.5,0.0,0,0,a,,,2026-07-28T16:37:26.460290+00:00
114,Boscagli,Olivier,Boscagli,Brighton,BHA,DEF,4.5,0.1,0,0,a,,,2026-07-28T16:37:26.460290+00:00
447,Botman,Sven,Botman,Newcastle,NEW,DEF,5.0,0.4,0,0,a,,,2026-07-28T16:37:26.460290+00:00
360,Bradley,Conor,Bradley,Liverpool,LIV,DEF,5.0,0.0,0,0,i,0,Knee injury - Unknown return date,2026-07-28T16:37:26.460290+00:00
230,Branthwaite,Jarrad,Branthwaite,Everton,EVE,DEF,5.5,2.0,0,0,a,,,2026-07-28T16:37:26.460290+00:00
181,Brau,Miguel,Brau,Coventry City,COV,DEF,4.0,0.1,0,0,a,,,2026-07-28T16:37:26.460290+00:00
552,Brobbey,Brian,Brobbey,Sunderland,SUN,FWD,6.0,23.0,0,0,a,,,2026-07-28T16:37:26.460290+00:00
74,Brooks,David,Brooks,Bournemouth,BOU,MID,5.0,0.2,0,0,a,,,2026-07-28T16:37:26.460290+00:00
452,Bruno G.,Bruno,Guimarães Rodriguez Moura,Newcastle,NEW,MID,7.0,8.0,0,0,a,,,2026-07-28T16:37:26.460290+00:00
41,Buendía,Emiliano,Buendía Stati,Aston Villa,AVL,MID,6.0,0.8,0,0,a,,,2026-07-28T16:37:26.460290+00:00
128,Buonanotte,Facundo,Buonanotte,Brighton,BHA,MID,5.0,0.1,0,0,a,,,2026-07-28T16:37:26.460290+00:00
448,Burn,Dan,Burn,Newcastle,NEW,DEF,5.0,2.7,0,0,a,,,2026-07-28T16:37:26.460290+00:00
311,Burns,Wes,Burns,Ipswich Town,IPS,MID,5.0,0.1,0,0,a,,,2026-07-28T16:37:26.460290+00:00
50,Burrowes,Bradley,Burrowes,Aston Villa,AVL,MID,4.5,1.1,0,0,a,,,2026-07-28T16:37:26.460290+00:00
299,Burstow,Mason,Burstow,Hull City,HUL,FWD,4.5,1.0,0,0,a,,,2026-07-28T16:37:26.460290+00:00
274,Butland,Jack,Butland,Hull City,HUL,GK,4.5,1.1,0,0,a,,,2026-07-28T16:37:26.460290+00:00
302,Button,David,Button,Ipswich Town,IPS,GK,4.0,0.6,0,0,a,,,2026-07-28T16:37:26.460290+00:00
509,Byfield,Jun'ai,Byfield,Spurs,TOT,DEF,4.0,0.1,0,0,a,,,2026-07-28T16:37:26.460290+00:00
373,C.Jones,Curtis,Jones,Liverpool,LIV,MID,5.5,0.1,0,0,a,,,2026-07-28T16:37:26.460290+00:00
159,Caicedo,Moisés,Caicedo Corozo,Chelsea,CHE,MID,5.5,3.8,0,0,a,,,2026-07-28T16:37:26.460290+00:00
266,Cairney,Tom,Cairney,Fulham,FUL,MID,5.0,0.0,0,0,a,,,2026-07-28T16:37:26.460290+00:00
8,Calafiori,Riccardo,Calafiori,Arsenal,ARS,DEF,5.5,13.6,0,0,a,,,2026-07-28T16:37:26.460290+00:00
346,Calvert-Lewin,Dominic,Calvert-Lewin,Leeds,LEE,FWD,6.0,17.6,0,0,a,,,2026-07-28T16:37:26.460290+00:00
203,Canvot,Jaydee,Canvot,Crystal Palace,CRY,DEF,5.0,0.5,0,0,a,,,2026-07-28T16:37:26.460290+00:00
220,Cardines,Rio,Cardines,Crystal Palace,CRY,DEF,4.5,0.0,0,0,a,,,2026-07-28T16:37:26.460290+00:00
275,Cartwright,Harvey,Cartwright,Hull City,HUL,GK,4.0,0.3,0,0,a,,,2026-07-28T16:37:26.460290+00:00
100,Carvalho,Fábio,Freitas Gouveia Carvalho,Brentford,BRE,MID,5.0,0.0,0,0,i,0,Knee injury - Unknown return date,2026-07-28T16:37:26.460290+00:00
32,Cash,Matty,Cash,Aston Villa,AVL,DEF,4.5,8.0,0,0,a,,,2026-07-28T16:37:26.460290+00:00
258,Castagne,Timothy,Castagne,Fulham,FUL,DEF,4.5,0.2,0,0,a,,,2026-07-28T16:37:26.460290+00:00
206,Chadi Riad,Chadi,Riad Dnanou,Crystal Palace,CRY,DEF,4.5,0.1,0,0,a,,,2026-07-28T16:37:26.460290+00:00
143,Chalobah,Trevoh,Chalobah,Chelsea,CHE,DEF,5.5,2.1,0,0,a,,,2026-07-28T16:37:26.460290+00:00
399,Cherki,Rayan,Cherki,Man City,MCI,MID,7.5,9.7,0,0,a,,,2026-07-28T16:37:26.460290+00:00
370,Chiesa,Federico,Chiesa,Liverpool,LIV,MID,5.5,0.2,0,0,a,,,2026-07-28T16:37:26.460290+00:00
75,Christie,Ryan,Christie,Bournemouth,BOU,MID,5.0,0.1,0,0,s,0,Suspended until 29 Aug,2026-07-28T16:37:26.460290+00:00
313,Clarke,Jack,Clarke,Ipswich Town,IPS,MID,5.5,0.3,0,0,a,,,2026-07-28T16:37:26.460290+00:00
84,Collins,Nathan,Collins,Brentford,BRE,DEF,5.5,2.0,0,0,a,,,2026-07-28T16:37:26.460290+00:00
436,Collyer,Toby,Collyer,Man Utd,MUN,MID,5.0,0.0,0,0,a,,,2026-07-28T16:37:26.460290+00:00
149,Colwill,Levi,Samuels Colwill,Chelsea,CHE,DEF,5.0,2.1,0,0,a,,,2026-07-28T16:37:26.460290+00:00
71,Cook,Lewis,Cook,Bournemouth,BOU,MID,5.0,0.1,0,0,a,,,2026-07-28T16:37:26.460290+00:00
117,Coppola,Diego,Coppola,Brighton,BHA,DEF,4.5,0.0,0,0,a,,,2026-07-28T16:37:26.460290+00:00
119,Costinha,João Pedro,Loureiro da Costa,Brighton,BHA,DEF,4.5,0.0,0,0,a,,,2026-07-28T16:37:26.460290+00:00
280,Coyle,Lewie,Coyle,Hull City,HUL,DEF,4.0,0.3,0,0,a,,,2026-07-28T16:37:26.460290+00:00
289,Crooks,Matt,Crooks,Hull City,HUL,MID,4.5,0.6,0,0,a,,,2026-07-28T16:37:26.460290+00:00
428,Cunha,Matheus,Santos Carneiro da Cunha,Man Utd,MUN,MID,8.0,15.2,0,0,a,,,2026-07-28T16:37:26.460290+00:00
163,D.Essugo,Dário,Luís Essugo,Chelsea,CHE,MID,4.5,0.2,0,0,a,,,2026-07-28T16:37:26.460290+00:00
417,Dalot,Diogo,Dalot Teixeira,Man Utd,MUN,DEF,5.0,3.2,0,0,a,,,2026-07-28T16:37:26.460290+00:00
96,Damsgaard,Mikkel,Damsgaard,Brentford,BRE,MID,5.5,0.7,0,0,a,,,2026-07-28T16:37:26.460290+00:00
382,Danns,Jayden,Danns,Liverpool,LIV,FWD,4.5,0.1,0,0,i,0,Unspecified injury - Unknown return date,2026-07-28T16:37:26.460290+00:00
501,Danso,Kevin,Danso,Spurs,TOT,DEF,5.0,0.2,0,0,a,,,2026-07-28T16:37:26.460290+00:00
325,Darlow,Karl,Darlow,Man Utd,MUN,GK,4.5,0.1,0,0,d,75,Unspecified injury - 75% chance of playing,2026-07-28T16:37:26.460290+00:00
103,Dasilva,Josh,Dasilva,Brentford,BRE,MID,5.0,0.0,0,0,a,,,2026-07-28T16:37:26.460290+00:00
176,Dasilva,Jay,Dasilva,Coventry City,COV,DEF,4.0,0.5,0,0,a,,,2026-07-28T16:37:26.460290+00:00
355,Davies,Harvey,Davies,Liverpool,LIV,GK,4.0,0.1,0,0,a,,,2026-07-28T16:37:26.460290+00:00
508,Davies,Ben,Davies,Spurs,TOT,DEF,4.0,0.7,0,0,a,,,2026-07-28T16:37:26.460290+00:00
305,Davis,Leif,Davis,Ipswich Town,IPS,DEF,4.0,4.2,0,0,a,,,2026-07-28T16:37:26.460290+00:00
115,De Cuyper,Maxim,De Cuyper,Brighton,BHA,DEF,4.5,1.7,0,0,a,,,2026-07-28T16:37:26.460290+00:00
416,De Ligt,Matthijs,de Ligt,Man Utd,MUN,DEF,5.0,0.0,0,0,i,0,Back injury - Unknown return date,2026-07-28T16:37:26.460290+00:00
167,Delap,Liam,Delap,Chelsea,CHE,FWD,5.5,0.5,0,0,a,,,2026-07-28T16:37:26.460290+00:00
59,Dennis,Will,Dennis,Bournemouth,BOU,GK,4.0,0.2,0,0,a,,,2026-07-28T16:37:26.460290+00:00
298,Destan,Enis,Destan,Hull City,HUL,FWD,4.5,2.7,0,0,a,,,2026-07-28T16:37:26.460290+00:00
215,Devenny,Justin,Devenny,Crystal Palace,CRY,MID,5.0,0.0,0,0,a,,,2026-07-28T16:37:26.460290+00:00
236,Dewsbury-Hall,Kiernan,Dewsbury-Hall,Everton,EVE,MID,6.5,4.2,0,0,a,,,2026-07-28T16:37:26.460290+00:00
62,Diakité,Bafodé,Diakité,Bournemouth,BOU,DEF,5.0,0.2,0,0,a,,,2026-07-28T16:37:26.460290+00:00
543,Diarra,Habib,Diarra,Sunderland,SUN,MID,5.5,0.1,0,0,a,,,2026-07-28T16:37:26.460290+00:00
245,Dibling,Tyler,Dibling,Everton,EVE,MID,5.5,0.1,0,0,a,,,2026-07-28T16:37:26.460290+00:00
30,Digne,Lucas,Digne,Aston Villa,AVL,DEF,4.5,1.3,0,0,a,,,2026-07-28T16:37:26.460290+00:00
259,Diop,Issa,Diop,Ipswich Town,IPS,DEF,4.0,21.1,0,0,a,,,2026-07-28T16:37:26.460290+00:00
153,Disasi,Axel,Disasi,Chelsea,CHE,DEF,4.5,0.1,0,0,a,,,2026-07-28T16:37:26.460290+00:00
400,Doku,Jérémy,Doku,Man City,MCI,MID,7.5,6.5,0,0,a,,,2026-07-28T16:37:26.460290+00:00
487,Dominguez,Nicolás,Domínguez,Nott'm Forest,NFO,MID,5.0,0.1,0,0,a,,,2026-07-28T16:37:26.460290+00:00
384,Donnarumma,Gianluigi,Donnarumma,Man City,MCI,GK,5.5,11.2,0,0,a,,,2026-07-28T16:37:26.460290+00:00
415,Dorgu,Patrick,Dorgu,Man Utd,MUN,MID,6.0,2.0,0,0,a,,,2026-07-28T16:37:26.460290+00:00
218,Doucouré,Cheick,Doucouré,Crystal Palace,CRY,MID,5.0,0.1,0,0,a,,,2026-07-28T16:37:26.460290+00:00
171,Dovin,Oliver,Dovin,Coventry City,COV,GK,4.0,3.5,0,0,a,,,2026-07-28T16:37:26.460290+00:00
288,Dowell,Kieran,Dowell,Hull City,HUL,MID,4.5,0.6,0,0,a,,,2026-07-28T16:37:26.460290+00:00
20,Dowman,Max,Dowman,Arsenal,ARS,MID,5.5,0.2,0,0,a,,,2026-07-28T16:37:26.460290+00:00
221,Drakes-Thomas,Joél,Drakes-Thomas,Crystal Palace,CRY,MID,4.5,0.1,0,0,a,,,2026-07-28T16:37:26.460290+00:00
281,Drameh,Cody,Drameh,Hull City,HUL,DEF,4.0,0.1,0,0,a,,,2026-07-28T16:37:26.460290+00:00
497,Dubravka,Martin,Dubravka,Spurs,TOT,GK,4.0,24.7,0,0,a,,,2026-07-28T16:37:26.460290+00:00
116,Dunk,Lewis,Dunk,Brighton,BHA,DEF,4.5,0.7,0,0,a,,,2026-07-28T16:37:26.460290+00:00
542,E.Le Fée,Enzo,Le Fée,Sunderland,SUN,MID,6.0,9.1,0,0,a,,,2026-07-28T16:37:26.460290+00:00
187,Eccles,Josh,Eccles,Coventry City,COV,MID,5.0,0.1,0,0,a,,,2026-07-28T16:37:26.460290+00:00
407,Echeverri,Claudio,Echeverri,Man City,MCI,MID,5.0,0.0,0,0,a,,,2026-07-28T16:37:26.460290+00:00
277,Egan,John,Egan,Hull City,HUL,DEF,4.0,0.8,0,0,a,,,2026-07-28T16:37:26.460290+00:00
380,Ekitiké,Hugo,Ekitiké,Liverpool,LIV,FWD,7.5,0.2,0,0,i,0,Achilles injury - Unknown return date,2026-07-28T16:37:26.460290+00:00
454,Elanga,Anthony,Elanga,Newcastle,NEW,MID,6.0,0.7,0,0,a,,,2026-07-28T16:37:26.460290+00:00
531,Ellborg,Melker,Ellborg,Sunderland,SUN,GK,4.5,0.1,0,0,a,,,2026-07-28T16:37:26.460290+00:00
383,Elliott,Harvey,Elliott,Liverpool,LIV,MID,5.5,0.1,0,0,a,,,2026-07-28T16:37:26.460290+00:00
170,Emegha,Emmanuel,Emegha,Chelsea,CHE,FWD,5.0,0.3,0,0,d,75,Hamstring injury - 75% chance of playing,2026-07-28T16:37:26.460290+00:00
316,Emersonn,Emersonn,Correia da Silva,Ipswich Town,IPS,FWD,5.5,0.4,0,0,a,,,2026-07-28T16:37:26.460290+00:00
374,Endo,Endo,Wataru,Liverpool,LIV,MID,5.0,0.0,0,0,d,75,Ankle injury - 75% chance of playing,2026-07-28T16:37:26.460290+00:00
80,Enes Ünal,Enes,Ünal,Bournemouth,BOU,FWD,5.5,0.2,0,0,a,,,2026-07-28T16:37:26.460290+00:00
155,Enzo,Enzo,Fernández,Chelsea,CHE,MID,7.0,5.1,0,0,a,,,2026-07-28T16:37:26.460290+00:00
216,Esse,Romain,Esse,Crystal Palace,CRY,MID,5.0,0.1,0,0,a,,,2026-07-28T16:37:26.460290+00:00
157,Estêvão,Estêvão,Almeida de Oliveira Gonçalves,Chelsea,CHE,MID,6.5,1.4,0,0,a,,,2026-07-28T16:37:26.460290+00:00
79,Evanilson,Francisco Evanilson,de Lima Barbosa,Bournemouth,BOU,FWD,6.0,1.9,0,0,a,,,2026-07-28T16:37:26.460290+00:00
14,Eze,Eberechi,Eze,Arsenal,ARS,MID,6.5,3.3,0,0,a,,,2026-07-28T16:37:26.460290+00:00
113,F.Kadıoğlu,Ferdi,Kadıoğlu,Brighton,BHA,DEF,4.5,3.2,0,0,a,,,2026-07-28T16:37:26.460290+00:00
315,Fatawu,Abdul,Fatawu,Ipswich Town,IPS,MID,5.5,0.3,0,0,a,,,2026-07-28T16:37:26.460290+00:00
139,Ferguson,Evan,Ferguson,Brighton,BHA,FWD,5.0,0.0,0,0,i,0,Ankle injury - Expected back 10 Oct,2026-07-28T16:37:26.460290+00:00
525,Fernandes,Mateus,Fernandes,Spurs,TOT,MID,6.0,4.5,0,0,a,,,2026-07-28T16:37:26.460290+00:00
438,Fletcher,Tyler,Fletcher,Man Utd,MUN,MID,4.5,0.3,0,0,a,,,2026-07-28T16:37:26.460290+00:00
398,Foden,Phil,Foden,Man City,MCI,MID,7.0,5.7,0,0,a,,,2026-07-28T16:37:26.460290+00:00
145,Fofana,Wesley,Fofana,Chelsea,CHE,DEF,5.0,0.0,0,0,s,0,Suspended until 6 Sep,2026-07-28T16:37:26.460290+00:00
58,Forster,Fraser,Forster,Bournemouth,BOU,GK,4.0,3.2,0,0,a,,,2026-07-28T16:37:26.460290+00:00
425,Fredricson,Tyler,Fredricson,Man Utd,MUN,DEF,4.0,0.1,0,0,a,,,2026-07-28T16:37:26.460290+00:00
357,Frimpong,Jeremie,Frimpong,Liverpool,LIV,DEF,5.5,3.0,0,0,a,,,2026-07-28T16:37:26.460290+00:00
308,Furlong,Darnell,Furlong,Ipswich Town,IPS,DEF,4.0,0.3,0,0,a,,,2026-07-28T16:37:26.460290+00:00
107,Furo,Kaye,Furo,Brentford,BRE,FWD,4.5,0.9,0,0,a,,,2026-07-28T16:37:26.460290+00:00
23,Fábio Vieira,Fábio,Ferreira Vieira,Arsenal,ARS,MID,5.5,0.0,0,0,a,,,2026-07-28T16:37:26.460290+00:00
27,G.Jesus,Gabriel,Fernando de Jesus,Arsenal,ARS,FWD,6.0,0.3,0,0,a,,,2026-07-28T16:37:26.460290+00:00
4,Gabriel,Gabriel,dos Santos Magalhães,Arsenal,ARS,DEF,8.0,25.4,0,0,a,,,2026-07-28T16:37:26.460290+00:00
367,Gakpo,Cody,Gakpo,Liverpool,LIV,MID,7.0,3.3,0,0,a,,,2026-07-28T16:37:26.460290+00:00
519,Gallagher,Conor,Gallagher,Spurs,TOT,MID,5.5,0.2,0,0,a,,,2026-07-28T16:37:26.460290+00:00
72,Gannon-Doak,Ben,Gannon-Doak,Bournemouth,BOU,MID,5.0,0.2,0,0,a,,,2026-07-28T16:37:26.460290+00:00
160,Garnacho,Alejandro,Garnacho Ferreyra,Aston Villa,AVL,MID,6.0,1.1,0,0,a,,,2026-07-28T16:37:26.460290+00:00
239,Garner,James,Garner,Everton,EVE,MID,6.0,1.5,0,0,i,0,Groin injury - Expected back 22 Aug,2026-07-28T16:37:26.460290+00:00
340,Gelhardt,Joe,Gelhardt,Leeds,LEE,MID,5.0,0.1,0,0,a,,,2026-07-28T16:37:26.460290+00:00
242,George,Tyrique,George,Everton,EVE,MID,5.5,0.1,0,0,a,,,2026-07-28T16:37:26.460290+00:00
51,George Hemmings,George,Hemmings,Aston Villa,AVL,MID,4.5,0.2,0,0,a,,,2026-07-28T16:37:26.460290+00:00
125,Georginio,Georginio,Rutter,Brighton,BHA,FWD,5.5,0.7,0,0,a,,,2026-07-28T16:37:26.460290+00:00
480,Gibbs-White,Morgan,Gibbs-White,Nott'm Forest,NFO,MID,8.0,12.5,0,0,a,,,2026-07-28T16:37:26.460290+00:00
282,Giles,Ryan,Giles,Hull City,HUL,DEF,4.0,0.6,0,0,a,,,2026-07-28T16:37:26.460290+00:00
443,Gillespie,Mark,Gillespie,Newcastle,NEW,GK,4.5,0.1,0,0,a,,,2026-07-28T16:37:26.460290+00:00
158,Gittens,Jamie,Bynoe-Gittens,Chelsea,CHE,MID,6.0,0.1,0,0,a,,,2026-07-28T16:37:26.460290+00:00
341,Gnonto,Wilfried,Gnonto,Leeds,LEE,MID,5.0,0.1,0,0,a,,,2026-07-28T16:37:26.460290+00:00
54,Gomes,Joao,Gomes,Aston Villa,AVL,MID,5.5,0.3,0,0,a,,,2026-07-28T16:37:26.460290+00:00
127,Gomez,Diego,Gómez Amarilla,Brighton,BHA,MID,5.0,2.0,0,0,a,,,2026-07-28T16:37:26.460290+00:00
359,Gomez,Joe,Gomez,Liverpool,LIV,DEF,5.0,0.1,0,0,i,0,Muscular injury - Unknown return date,2026-07-28T16:37:26.460290+00:00
371,Gravenberch,Ryan,Gravenberch,Liverpool,LIV,MID,6.0,1.8,0,0,a,,,2026-07-28T16:37:26.460290+00:00
522,Gray,Archie,Gray,Spurs,TOT,MID,5.0,0.2,0,0,a,,,2026-07-28T16:37:26.460290+00:00
238,Grealish,Jack,Grealish,Man City,MCI,MID,6.5,0.3,0,0,a,,,2026-07-28T16:37:26.460290+00:00
306,Greaves,Jacob,Greaves,Ipswich Town,IPS,DEF,4.0,0.5,0,0,a,,,2026-07-28T16:37:26.460290+00:00
184,Grimes,Matt,Grimes,Coventry City,COV,MID,5.0,0.2,0,0,a,,,2026-07-28T16:37:26.460290+00:00
124,Groß,Pascal,Groß,Brighton,BHA,MID,5.5,2.3,0,0,a,,,2026-07-28T16:37:26.460290+00:00
344,Gruev,Ilia,Gruev,Leeds,LEE,MID,5.0,0.0,0,0,a,,,2026-07-28T16:37:26.460290+00:00
331,Gudmundsson,Gabriel,Gudmundsson,Leeds,LEE,DEF,4.5,0.5,0,0,a,,,2026-07-28T16:37:26.460290+00:00
42,Guessand,Evann,Guessand,Aston Villa,AVL,MID,5.5,0.0,0,0,a,,,2026-07-28T16:37:26.460290+00:00
144,Gusto,Malo,Gusto,Chelsea,CHE,DEF,5.0,1.2,0,0,a,,,2026-07-28T16:37:26.460290+00:00
388,Guéhi,Marc,Guéhi,Man City,MCI,DEF,6.0,24.7,0,0,a,,,2026-07-28T16:37:26.460290+00:00
391,Gvardiol,Joško,Gvardiol,Man City,MCI,DEF,5.5,6.8,0,0,a,,,2026-07-28T16:37:26.460290+00:00
297,Gyabi,Darko,Gyabi,Hull City,HUL,MID,4.5,0.2,0,0,a,,,2026-07-28T16:37:26.460290+00:00
25,Gyökeres,Viktor,Gyökeres,Arsenal,ARS,FWD,7.5,13.6,0,0,a,,,2026-07-28T16:37:26.460290+00:00
411,Haaland,Erling,Haaland,Man City,MCI,FWD,15.5,75.2,0,0,a,,,2026-07-28T16:37:26.460290+00:00
247,Hackney,Hayden,Hackney,Everton,EVE,MID,5.5,0.3,0,0,a,,,2026-07-28T16:37:26.460290+00:00
449,Hall,Lewis,Hall,Newcastle,NEW,DEF,5.0,4.5,0,0,a,,,2026-07-28T16:37:26.460290+00:00
342,Harrison,Jack,Harrison,Leeds,LEE,MID,5.0,0.1,0,0,u,0,Has joined New England Revolution permanently,2026-07-28T16:37:26.460290+00:00
148,Hato,Jorrel,Hato,Chelsea,CHE,DEF,4.5,1.6,0,0,a,,,2026-07-28T16:37:26.460290+00:00
26,Havertz,Kai,Havertz,Arsenal,ARS,FWD,7.5,4.2,0,0,a,,,2026-07-28T16:37:26.460290+00:00
414,Heaton,Tom,Heaton,Man Utd,MUN,GK,4.0,0.3,0,0,a,,,2026-07-28T16:37:26.460290+00:00
421,Heaven,Ayden,Heaven,Man Utd,MUN,DEF,4.5,0.4,0,0,a,,,2026-07-28T16:37:26.460290+00:00
101,Henderson,Jordan,Henderson,Brentford,BRE,MID,5.0,0.0,0,0,d,75,Wrist injury - 75% chance of playing,2026-07-28T16:37:26.460290+00:00
198,Henderson,Dean,Henderson,Crystal Palace,CRY,GK,5.0,3.1,0,0,a,,,2026-07-28T16:37:26.460290+00:00
89,Henry,Rico,Henry,Brentford,BRE,DEF,4.5,0.2,0,0,a,,,2026-07-28T16:37:26.460290+00:00
90,Hickey,Aaron,Hickey,Brentford,BRE,DEF,4.5,0.1,0,0,a,,,2026-07-28T16:37:26.460290+00:00
60,Hill,James,Hill,Bournemouth,BOU,DEF,5.5,1.4,0,0,a,,,2026-07-28T16:37:26.460290+00:00
9,Hincapie,Piero,Hincapié,Arsenal,ARS,DEF,5.5,5.1,0,0,a,,,2026-07-28T16:37:26.460290+00:00
123,Hinshelwood,Jack,Hinshelwood,Brighton,BHA,MID,6.0,0.3,0,0,a,,,2026-07-28T16:37:26.460290+00:00
317,Hirst,George,Hirst,Ipswich Town,IPS,FWD,5.0,0.5,0,0,a,,,2026-07-28T16:37:26.460290+00:00
538,Hjelde,Leo Fuhr,Hjelde,Sunderland,SUN,DEF,4.0,0.4,0,0,a,,,2026-07-28T16:37:26.460290+00:00
132,Howell,Harry,Howell,Brighton,BHA,MID,4.5,0.3,0,0,a,,,2026-07-28T16:37:26.460290+00:00
482,Hudson-Odoi,Callum,Hudson-Odoi,Nott'm Forest,NFO,MID,6.0,0.0,0,0,d,75,Thigh injury - 75% chance of playing,2026-07-28T16:37:26.460290+00:00
212,Hughes,Will,Hughes,Crystal Palace,CRY,MID,4.5,10.4,0,0,a,,,2026-07-28T16:37:26.460290+00:00
278,Hughes,Charlie,Hughes,Hull City,HUL,DEF,4.0,2.2,0,0,a,,,2026-07-28T16:37:26.460290+00:00
534,Hume,Trai,Hume,Sunderland,SUN,DEF,4.5,1.4,0,0,a,,,2026-07-28T16:37:26.460290+00:00
484,Hutchinson,Omari,Hutchinson,Nott'm Forest,NFO,MID,5.5,0.2,0,0,a,,,2026-07-28T16:37:26.460290+00:00
118,Igor,Igor Julio,dos Santos de Paulo,Brighton,BHA,DEF,4.5,0.1,0,0,a,,,2026-07-28T16:37:26.460290+00:00
491,Igor Jesus,Igor Jesus,Maciel da Cruz,Nott'm Forest,NFO,FWD,6.0,4.4,0,0,a,,,2026-07-28T16:37:26.460290+00:00
49,Iling Jr,Samuel,Iling-Junior,Aston Villa,AVL,MID,5.0,0.0,0,0,a,,,2026-07-28T16:37:26.460290+00:00
240,Iroegbunam,Tim,Iroegbunam,Everton,EVE,MID,5.0,0.1,0,0,a,,,2026-07-28T16:37:26.460290+00:00
379,Isak,Alexander,Isak,Liverpool,LIV,FWD,9.0,11.6,0,0,a,,,2026-07-28T16:37:26.460290+00:00
553,Isidor,Wilson,Isidor,Sunderland,SUN,FWD,5.5,1.3,0,0,a,,,2026-07-28T16:37:26.460290+00:00
261,Iwobi,Alex,Iwobi,Fulham,FUL,MID,5.5,0.9,0,0,a,,,2026-07-28T16:37:26.460290+00:00
65,J.Araujo,Julián,Araujo Zúñiga,Bournemouth,BOU,DEF,4.5,0.1,0,0,a,,,2026-07-28T16:37:26.460290+00:00
255,J.Cuenca,Jorge,Cuenca Barreno,Fulham,FUL,DEF,4.5,0.0,0,0,a,,,2026-07-28T16:37:26.460290+00:00
434,J.Fletcher,Jack,Fletcher,Man Utd,MUN,MID,5.0,0.0,0,0,a,,,2026-07-28T16:37:26.460290+00:00
457,J.Murphy,Jacob,Murphy,Newcastle,NEW,MID,6.0,0.2,0,0,a,,,2026-07-28T16:37:26.460290+00:00
219,J.Rak-Sakyi,Jesurun,Rak-Sakyi,Crystal Palace,CRY,MID,5.0,0.0,0,0,a,,,2026-07-28T16:37:26.460290+00:00
456,J.Ramsey,Jacob,Ramsey,Newcastle,NEW,MID,5.0,0.5,0,0,a,,,2026-07-28T16:37:26.460290+00:00
5,J.Timber,Jurriën,Timber,Arsenal,ARS,DEF,6.5,0.6,0,0,i,0,Groin injury - Expected back 21 Aug,2026-07-28T16:37:26.460290+00:00
283,Jacob,Matty,Jacob,Hull City,HUL,DEF,4.0,0.1,0,0,a,,,2026-07-28T16:37:26.460290+00:00
362,Jacquet,Jeremy,Jacquet,Liverpool,LIV,DEF,5.0,2.4,0,0,a,100,,2026-07-28T16:37:26.460290+00:00
474,Jair Cunha,Jair,Paula da Cunha Filho,Nott'm Forest,NFO,DEF,4.5,0.9,0,0,a,,,2026-07-28T16:37:26.460290+00:00
142,James,Reece,James,Chelsea,CHE,DEF,5.5,8.1,0,0,a,,,2026-07-28T16:37:26.460290+00:00
343,James,Daniel,James,Leeds,LEE,MID,5.0,0.1,0,0,a,,,2026-07-28T16:37:26.460290+00:00
98,Janelt,Vitaly,Janelt,Brentford,BRE,MID,5.0,0.1,0,0,a,,,2026-07-28T16:37:26.460290+00:00
444,Jaouen,Ewen,Jaouen,Newcastle,NEW,GK,4.5,0.1,0,0,a,,,2026-07-28T16:37:26.460290+00:00
354,Jaros,Vitezslav,Jaros,Liverpool,LIV,GK,4.0,0.1,0,0,a,,,2026-07-28T16:37:26.460290+00:00
97,Jensen,Mathias,Jensen,Brentford,BRE,MID,5.5,0.1,0,0,a,,,2026-07-28T16:37:26.460290+00:00
92,Ji-soo,Kim,Ji-soo,Brentford,BRE,DEF,4.5,0.0,0,0,a,,,2026-07-28T16:37:26.460290+00:00
550,Jocelin.T,Djiamgone Jocelin Ta,Bi,Sunderland,SUN,MID,5.0,0.0,0,0,a,,,2026-07-28T16:37:26.460290+00:00
458,Joelinton,Joelinton Cássio,Apolinário de Lira,Newcastle,NEW,MID,5.5,0.0,0,0,d,75,Thigh injury - 75% chance of playing,2026-07-28T16:37:26.460290+00:00
468,John,John Victor,Maciel Furtado,Nott'm Forest,NFO,GK,4.5,0.1,0,0,a,,,2026-07-28T16:37:26.460290+00:00
209,Johnson,Brennan,Johnson,Crystal Palace,CRY,MID,6.0,0.2,0,0,a,,,2026-07-28T16:37:26.460290+00:00
307,Johnson,Ben,Johnson,Ipswich Town,IPS,DEF,4.0,0.1,0,0,a,,,2026-07-28T16:37:26.460290+00:00
165,João Pedro,João Pedro,Junqueira de Jesus,Chelsea,CHE,FWD,7.5,50.6,0,0,a,,,2026-07-28T16:37:26.460290+00:00
332,Justin,James,Justin,Leeds,LEE,DEF,4.5,0.5,0,0,a,,,2026-07-28T16:37:26.460290+00:00
141,Jörgensen,Filip,Jörgensen,Chelsea,CHE,GK,5.0,0.1,0,0,a,,,2026-07-28T16:37:26.460290+00:00
493,Kalimuendo,Arnaud,Kalimuendo,Nott'm Forest,NFO,FWD,5.5,0.1,0,0,a,,,2026-07-28T16:37:26.460290+00:00
214,Kamada,Daichi,Kamada,Crystal Palace,CRY,MID,5.0,0.3,0,0,a,,,2026-07-28T16:37:26.460290+00:00
293,Kamara,Abu,Kamara,Hull City,HUL,MID,5.0,0.1,0,0,a,,,2026-07-28T16:37:26.460290+00:00
47,Kamara,Boubacar,Kamara,Aston Villa,AVL,MID,5.0,0.1,0,0,d,75,Knee injury - 75% chance of playing,2026-07-28T16:37:26.460290+00:00
88,Kayode,Michael,Kayode,Brentford,BRE,DEF,4.5,4.8,0,0,a,,,2026-07-28T16:37:26.460290+00:00
231,Keane,Michael,Keane,Everton,EVE,DEF,5.0,1.5,0,0,a,,,2026-07-28T16:37:26.460290+00:00
82,Kelleher,Caoimhín,Kelleher,Brentford,BRE,GK,5.0,5.5,0,0,a,,,2026-07-28T16:37:26.460290+00:00
358,Kerkez,Milos,Kerkez,Liverpool,LIV,DEF,5.5,6.3,0,0,a,,,2026-07-28T16:37:26.460290+00:00
177,Kesler-Hayden,Kaine,Kesler-Hayden,Coventry City,COV,DEF,4.0,0.1,0,0,a,,,2026-07-28T16:37:26.460290+00:00
263,Kevin,Kevin,Santos Lopes de Macedo,Fulham,FUL,MID,5.5,0.1,0,0,a,,,2026-07-28T16:37:26.460290+00:00
393,Khusanov,Abdukodir,Khusanov,Man City,MCI,DEF,5.5,2.0,0,0,a,,,2026-07-28T16:37:26.460290+00:00
228,King,Tom,King,Everton,EVE,GK,4.5,0.1,0,0,a,,,2026-07-28T16:37:26.460290+00:00
268,King,Josh,King,Fulham,FUL,MID,5.5,0.1,0,0,a,,,2026-07-28T16:37:26.460290+00:00
496,Kinsky,Antonín,Kinský,Spurs,TOT,GK,4.5,17.1,0,0,a,,,2026-07-28T16:37:26.460290+00:00
303,Kipré,Cédric,Kipré,Ipswich Town,IPS,DEF,4.0,0.3,0,0,a,,,2026-07-28T16:37:26.460290+00:00
174,Kitching,Liam,Kitching,Coventry City,COV,DEF,4.0,0.4,0,0,a,,,2026-07-28T16:37:26.460290+00:00
70,Kluivert,Justin,Kluivert,Bournemouth,BOU,MID,6.0,0.8,0,0,a,,,2026-07-28T16:37:26.460290+00:00
31,Konsa,Ezri,Konsa Ngoyo,Aston Villa,AVL,DEF,4.5,18.8,0,0,a,,,2026-07-28T16:37:26.460290+00:00
138,Kostoulas,Charalampos,Kostoulas,Brighton,BHA,FWD,5.5,0.3,0,0,a,,,2026-07-28T16:37:26.460290+00:00
381,Koumas,Lewis,Koumas,Liverpool,LIV,MID,5.0,0.0,0,0,a,,,2026-07-28T16:37:26.460290+00:00
406,Kovačić,Mateo,Kovačić,Man City,MCI,MID,5.5,0.0,0,0,a,,,2026-07-28T16:37:26.460290+00:00
78,Kroupi.Jr,Junior,Kroupi,Bournemouth,BOU,MID,7.5,13.0,0,0,a,,,2026-07-28T16:37:26.460290+00:00
512,Kudus,Mohammed,Kudus,Spurs,TOT,MID,6.5,0.3,0,0,d,75,Thigh injury - 75% chance of playing,2026-07-28T16:37:26.460290+00:00
521,Kulusevski,Dejan,Kulusevski,Spurs,TOT,MID,6.5,0.0,0,0,i,0,Knee injury - Unknown return date,2026-07-28T16:37:26.460290+00:00
272,Kusi-Asare,Jonah,Kusi-Asare,Fulham,FUL,FWD,4.5,8.6,0,0,a,,,2026-07-28T16:37:26.460290+00:00
459,L.Miley,Lewis,Miley,Newcastle,NEW,MID,5.5,0.0,0,0,i,0,Leg injury - Expected back 30 Aug,2026-07-28T16:37:26.460290+00:00
435,Lacey,Shea,Lacey,Man Utd,MUN,MID,5.0,0.1,0,0,a,,,2026-07-28T16:37:26.460290+00:00
200,Lacroix,Maxence,Lacroix,Crystal Palace,CRY,DEF,6.0,11.9,0,0,a,,,2026-07-28T16:37:26.460290+00:00
412,Lammens,Senne,Lammens,Man Utd,MUN,GK,5.0,20.0,0,0,a,,,2026-07-28T16:37:26.460290+00:00
179,Latibeaudiere,Joel,Latibeaudiere,Coventry City,COV,DEF,4.0,0.1,0,0,a,,,2026-07-28T16:37:26.460290+00:00
161,Lavia,Roméo,Lavia,Chelsea,CHE,MID,5.0,0.1,0,0,a,,,2026-07-28T16:37:26.460290+00:00
251,Lecomte,Benjamin,Lecomte,Fulham,FUL,GK,4.0,1.5,0,0,a,,,2026-07-28T16:37:26.460290+00:00
250,Leno,Bernd,Leno,Fulham,FUL,GK,4.5,3.2,0,0,a,,,2026-07-28T16:37:26.460290+00:00
363,Leoni,Giovanni,Leoni,Liverpool,LIV,DEF,4.0,0.1,0,0,i,0,Knee injury - Unknown return date,2026-07-28T16:37:26.460290+00:00
213,Lerma,Jefferson,Lerma Solís,Crystal Palace,CRY,MID,5.0,0.1,0,0,a,,,2026-07-28T16:37:26.460290+00:00
395,Lewis,Rico,Lewis,Man City,MCI,DEF,4.5,0.2,0,0,a,,,2026-07-28T16:37:26.460290+00:00
86,Lewis-Potter,Keane,Lewis-Potter,Brentford,BRE,MID,5.5,0.6,0,0,a,,,2026-07-28T16:37:26.460290+00:00
7,Lewis-Skelly,Myles,Lewis-Skelly,Arsenal,ARS,MID,5.5,0.3,0,0,a,,,2026-07-28T16:37:26.460290+00:00
37,Lindelöf,Victor,Lindelöf,Aston Villa,AVL,DEF,4.5,0.2,0,0,a,,,2026-07-28T16:37:26.460290+00:00
450,Livramento,Tino,Livramento,Newcastle,NEW,DEF,5.0,0.1,0,0,d,75,Calf injury - 75% chance of playing,2026-07-28T16:37:26.460290+00:00
276,Lo-Tutala,Thimothée,Lo-Tutala,Hull City,HUL,GK,4.0,0.2,0,0,a,,,2026-07-28T16:37:26.460290+00:00
339,Longstaff,Sean,Longstaff,Leeds,LEE,MID,5.0,0.2,0,0,a,,,2026-07-28T16:37:26.460290+00:00
361,Lucky,Wellity,Lucky,Liverpool,LIV,DEF,4.0,0.1,0,0,a,,,2026-07-28T16:37:26.460290+00:00
267,Lukić,Saša,Lukić,Fulham,FUL,MID,5.0,0.1,0,0,a,,,2026-07-28T16:37:26.460290+00:00
29,M.Bizot,Marco,Bizot,Aston Villa,AVL,GK,4.5,0.1,0,0,a,,,2026-07-28T16:37:26.460290+00:00
217,M.França,Matheus,França de Oliveira,Crystal Palace,CRY,MID,5.0,0.1,0,0,a,,,2026-07-28T16:37:26.460290+00:00
150,M.Sarr,Mamadou,Sarr,Chelsea,CHE,DEF,4.5,0.1,0,0,a,,,2026-07-28T16:37:26.460290+00:00
36,Maatsen,Ian,Maatsen,Aston Villa,AVL,DEF,4.5,0.6,0,0,a,,,2026-07-28T16:37:26.460290+00:00
372,Mac Allister,Alexis,Mac Allister,Liverpool,LIV,MID,5.5,1.9,0,0,a,,,2026-07-28T16:37:26.460290+00:00
515,Maddison,James,Maddison,Spurs,TOT,MID,6.5,2.5,0,0,a,,,2026-07-28T16:37:26.460290+00:00
16,Madueke,Noni,Madueke,Arsenal,ARS,MID,6.5,0.4,0,0,a,,,2026-07-28T16:37:26.460290+00:00
562,Maeda,Daizen,Maeda,Ipswich Town,IPS,MID,5.5,0.3,0,0,a,,,2026-07-28T16:37:26.460290+00:00
418,Maguire,Harry,Maguire,Man Utd,MUN,DEF,5.0,6.9,0,0,a,,,2026-07-28T16:37:26.460290+00:00
432,Mainoo,Kobbie,Mainoo,Man Utd,MUN,MID,5.5,1.3,0,0,a,,,2026-07-28T16:37:26.460290+00:00
351,Mamardashvili,Giorgi,Mamardashvili,Liverpool,LIV,GK,5.0,0.2,0,0,a,,,2026-07-28T16:37:26.460290+00:00
53,Manzambi,Johan,Manzambi,Aston Villa,AVL,MID,6.0,3.0,0,0,a,,,2026-07-28T16:37:26.460290+00:00
168,Marc Guiu,Marc,Guiu Paz,Chelsea,CHE,FWD,5.0,0.5,0,0,a,,,2026-07-28T16:37:26.460290+00:00
196,Markelo,Jahnoah,Markelo,Coventry City,COV,FWD,5.0,0.1,0,0,a,,,2026-07-28T16:37:26.460290+00:00
401,Marmoush,Omar,Marmoush,Man City,MCI,FWD,7.0,0.6,0,0,a,,,2026-07-28T16:37:26.460290+00:00
18,Martinelli,Gabriel,Martinelli Silva,Arsenal,ARS,MID,6.5,0.3,0,0,a,,,2026-07-28T16:37:26.460290+00:00
28,Martinez,Emiliano,Martínez Romero,Aston Villa,AVL,GK,5.0,4.3,0,0,a,,,2026-07-28T16:37:26.460290+00:00
419,Martinez,Lisandro,Martínez,Man Utd,MUN,DEF,5.0,1.1,0,0,d,75,Thigh injury - 75% chance of playing,2026-07-28T16:37:26.460290+00:00
186,Mason-Clark,Ephron,Mason-Clark,Coventry City,COV,MID,5.5,0.3,0,0,a,,,2026-07-28T16:37:26.460290+00:00
540,Masuaku,Arthur,Masuaku,Sunderland,SUN,DEF,4.0,1.5,0,0,a,,,2026-07-28T16:37:26.460290+00:00
291,Matazo,Eliot,Matazo,Hull City,HUL,MID,4.5,0.0,0,0,i,0,Knee injury - Unknown return date,2026-07-28T16:37:26.460290+00:00
349,Mateo Joseph,Mateo,Joseph Fernández-Regatillo,Leeds,LEE,FWD,4.5,0.6,0,0,a,,,2026-07-28T16:37:26.460290+00:00
223,Mateta,Jean-Philippe,Mateta,Crystal Palace,CRY,FWD,6.5,7.5,0,0,a,,,2026-07-28T16:37:26.460290+00:00
389,Matheus N.,Matheus,Nunes,Man City,MCI,DEF,6.0,5.6,0,0,a,,,2026-07-28T16:37:26.460290+00:00
555,Matthews,Remi,Matthews,Crystal Palace,CRY,GK,4.0,1.7,0,0,a,,,2026-07-28T16:37:26.460290+00:00
310,Matusiwa,Azor,Matusiwa,Ipswich Town,IPS,MID,5.0,0.1,0,0,a,,,2026-07-28T16:37:26.460290+00:00
422,Mazraoui,Noussair,Mazraoui,Man Utd,MUN,DEF,4.5,0.8,0,0,a,,,2026-07-28T16:37:26.460290+00:00
427,Mbeumo,Bryan,Mbeumo,Man Utd,MUN,MID,8.0,13.5,0,0,a,,,2026-07-28T16:37:26.460290+00:00
486,McAtee,James,McAtee,Nott'm Forest,NFO,MID,5.5,0.1,0,0,a,,,2026-07-28T16:37:26.460290+00:00
323,McAteer,Kasey,McAteer,Ipswich Town,IPS,MID,4.5,2.0,0,0,a,,,2026-07-28T16:37:26.460290+00:00
295,McBurnie,Oli,McBurnie,Hull City,HUL,FWD,5.5,2.1,0,0,a,,,2026-07-28T16:37:26.460290+00:00
284,McCarthy,Cathal,McCarthy,Hull City,HUL,DEF,4.0,0.1,0,0,a,,,2026-07-28T16:37:26.460290+00:00
378,McConnell,James,McConnell,Liverpool,LIV,MID,4.5,0.2,0,0,a,,,2026-07-28T16:37:26.460290+00:00
45,McGinn,John,McGinn,Aston Villa,AVL,MID,5.5,2.8,0,0,a,,,2026-07-28T16:37:26.460290+00:00
285,McNair,Paddy,McNair,Hull City,HUL,DEF,4.0,0.1,0,0,a,,,2026-07-28T16:37:26.460290+00:00
252,McNally,Alfie,McNally,Fulham,FUL,GK,4.0,0.1,0,0,a,,,2026-07-28T16:37:26.460290+00:00
241,McNeil,Dwight,McNeil,Everton,EVE,MID,5.5,0.1,0,0,a,,,2026-07-28T16:37:26.460290+00:00
324,Mehmeti,Anis,Mehmeti,Ipswich Town,IPS,MID,5.0,0.1,0,0,a,,,2026-07-28T16:37:26.460290+00:00
17,Merino,Mikel,Merino Zazón,Arsenal,ARS,MID,6.0,1.2,0,0,a,,,2026-07-28T16:37:26.460290+00:00
3,Meslier,Illan,Meslier,Arsenal,ARS,GK,5.0,0.1,0,0,a,,,2026-07-28T16:37:26.460290+00:00
541,Meunier,Thomas,Meunier,Sunderland,SUN,DEF,4.5,0.5,0,0,a,,,2026-07-28T16:37:26.460290+00:00
169,Mheuka,Shumaira,Mheuka,Chelsea,CHE,FWD,4.5,0.4,0,0,a,,,2026-07-28T16:37:26.460290+00:00
99,Milambo,Antoni,Milambo,Brentford,BRE,MID,5.0,0.0,0,0,d,75,Knee injury - 75% chance of playing,2026-07-28T16:37:26.460290+00:00
471,Milenković,Nikola,Milenković,Nott'm Forest,NFO,DEF,5.5,2.2,0,0,a,,,2026-07-28T16:37:26.460290+00:00
287,Millar,Liam,Millar,Hull City,HUL,MID,5.0,0.1,0,0,a,,,2026-07-28T16:37:26.460290+00:00
63,Milosavljević,Veljko,Milosavljevic,Bournemouth,BOU,DEF,5.0,0.1,0,0,a,,,2026-07-28T16:37:26.460290+00:00
33,Mings,Tyrone,Mings,Aston Villa,AVL,DEF,4.5,0.2,0,0,a,,,2026-07-28T16:37:26.460290+00:00
207,Mingueza,Oscar,Mingueza,Crystal Palace,CRY,DEF,4.5,0.1,0,0,a,,,2026-07-28T16:37:26.460290+00:00
122,Minteh,Yankuba,Minteh,Brighton,BHA,MID,6.0,0.7,0,0,a,,,2026-07-28T16:37:26.460290+00:00
204,Mitchell,Tyrick,Mitchell,Crystal Palace,CRY,DEF,4.5,7.4,0,0,a,,,2026-07-28T16:37:26.460290+00:00
121,Mitoma,Mitoma,Kaoru,Brighton,BHA,MID,6.0,0.3,0,0,i,0,Hamstring injury - Unknown return date,2026-07-28T16:37:26.460290+00:00
410,Monga,Jeremy,Monga,Man City,MCI,MID,5.0,0.0,0,0,a,,,2026-07-28T16:37:26.460290+00:00
523,Moore,Mikey,Moore,Spurs,TOT,MID,5.0,0.1,0,0,a,,,2026-07-28T16:37:26.460290+00:00
470,Morato,Felipe,Rodrigues da Silva,Nott'm Forest,NFO,DEF,5.0,0.1,0,0,a,,,2026-07-28T16:37:26.460290+00:00
563,Morita,Hidemasa,Morita,Hull City,HUL,MID,5.0,0.0,0,0,a,,,2026-07-28T16:37:26.460290+00:00
11,Mosquera,Cristhian,Mosquera,Arsenal,ARS,DEF,5.5,17.2,0,0,a,,,2026-07-28T16:37:26.460290+00:00
430,Mount,Mason,Mount,Man Utd,MUN,MID,5.5,0.1,0,0,a,,,2026-07-28T16:37:26.460290+00:00
334,Muharemović,Tarik,Muharemović,Leeds,LEE,DEF,5.0,0.6,0,0,a,,,2026-07-28T16:37:26.460290+00:00
409,Mukasa,Divine,Mukasa,Man City,MCI,MID,4.5,0.1,0,0,a,,,2026-07-28T16:37:26.460290+00:00
533,Mukiele,Nordi,Mukiele,Sunderland,SUN,DEF,5.5,8.0,0,0,a,,,2026-07-28T16:37:26.460290+00:00
547,Mundle,Romaine,Mundle,Sunderland,SUN,MID,5.0,0.0,0,0,a,,,2026-07-28T16:37:26.460290+00:00
271,Muniz,Rodrigo,Muniz Carvalho,Fulham,FUL,FWD,5.5,0.8,0,0,a,,,2026-07-28T16:37:26.460290+00:00
377,Munoz,Victor,Munoz,Liverpool,LIV,MID,6.5,0.8,0,0,a,,,2026-07-28T16:37:26.460290+00:00
472,Murillo,Murillo,Costa dos Santos,Nott'm Forest,NFO,DEF,5.5,0.2,0,0,d,75,Muscle injury - 75% chance of playing,2026-07-28T16:37:26.460290+00:00
201,Muñoz,Daniel,Muñoz Mejía,Crystal Palace,CRY,DEF,5.5,12.3,0,0,a,,,2026-07-28T16:37:26.460290+00:00
233,Mykolenko,Vitalii,Mykolenko,Everton,EVE,DEF,4.5,1.5,0,0,a,,,2026-07-28T16:37:26.460290+00:00
405,N.Gonzalez,Nico,González Iglesias,Man City,MCI,MID,5.5,0.1,0,0,a,,,2026-07-28T16:37:26.460290+00:00
166,N.Jackson,Nicolas,Jackson,Chelsea,CHE,FWD,6.5,0.4,0,0,a,,,2026-07-28T16:37:26.460290+00:00
469,N.Williams,Neco,Williams,Nott'm Forest,NFO,DEF,5.0,13.1,0,0,a,,,2026-07-28T16:37:26.460290+00:00
237,Ndiaye,Iliman,Ndiaye,Everton,EVE,MID,6.0,20.6,0,0,a,,,2026-07-28T16:37:26.460290+00:00
483,Ndoye,Dan,Ndoye,Nott'm Forest,NFO,MID,5.5,0.7,0,0,a,,,2026-07-28T16:37:26.460290+00:00
466,Neave,Sean,Neave,Newcastle,NEW,FWD,4.5,0.7,0,0,a,,,2026-07-28T16:37:26.460290+00:00
39,Nedeljkovic,Kosta,Nedeljkovic,Aston Villa,AVL,DEF,4.0,0.4,0,0,a,,,2026-07-28T16:37:26.460290+00:00
24,Nelson,Reiss,Nelson,Arsenal,ARS,MID,5.5,0.0,0,0,a,,,2026-07-28T16:37:26.460290+00:00
156,Neto,Pedro,Lomba Neto,Chelsea,CHE,MID,6.5,1.2,0,0,a,,,2026-07-28T16:37:26.460290+00:00
478,Netz,Luca,Netz,Nott'm Forest,NFO,DEF,4.5,0.0,0,0,a,,,2026-07-28T16:37:26.460290+00:00
369,Ngumoha,Rio,Ngumoha,Liverpool,LIV,MID,6.0,1.5,0,0,a,,,2026-07-28T16:37:26.460290+00:00
224,Nketiah,Eddie,Nketiah,Crystal Palace,CRY,FWD,5.5,0.4,0,0,a,,,2026-07-28T16:37:26.460290+00:00
347,Nmecha,Lukas,Nmecha,Leeds,LEE,FWD,5.5,0.6,0,0,a,,,2026-07-28T16:37:26.460290+00:00
22,Nwaneri,Ethan,Nwaneri,Arsenal,ARS,MID,5.5,0.0,0,0,a,,,2026-07-28T16:37:26.460290+00:00
375,Nyoni,Trey,Nyoni,Liverpool,LIV,MID,5.0,0.0,0,0,a,,,2026-07-28T16:37:26.460290+00:00
21,Nørgaard,Christian,Nørgaard,Arsenal,ARS,MID,5.0,0.1,0,0,a,,,2026-07-28T16:37:26.460290+00:00
309,Núñez,Marcelino,Núñez,Ipswich Town,IPS,MID,5.0,0.2,0,0,a,,,2026-07-28T16:37:26.460290+00:00
232,O'Brien,Jake,O'Brien,Everton,EVE,DEF,5.0,0.5,0,0,a,,,2026-07-28T16:37:26.460290+00:00
539,O'Nien,Luke,O'Nien,Sunderland,SUN,DEF,4.0,2.3,0,0,a,,,2026-07-28T16:37:26.460290+00:00
387,O'Reilly,Nico,O'Reilly,Man City,MCI,DEF,6.5,24.0,0,0,a,,,2026-07-28T16:37:26.460290+00:00
126,O'Riley,Matt,O'Riley,Brighton,BHA,MID,5.5,0.1,0,0,a,,,2026-07-28T16:37:26.460290+00:00
304,O'Shea,Dara,O'Shea,Ipswich Town,IPS,DEF,4.0,1.2,0,0,a,,,2026-07-28T16:37:26.460290+00:00
95,O.Dango,Dango,Ouattara,Brentford,BRE,MID,6.5,1.4,0,0,a,,,2026-07-28T16:37:26.460290+00:00
476,O.Richards,Omar,Richards,Nott'm Forest,NFO,DEF,4.0,0.2,0,0,a,,,2026-07-28T16:37:26.460290+00:00
441,Obi,Chido,Obi,Man Utd,MUN,FWD,4.5,1.2,0,0,a,,,2026-07-28T16:37:26.460290+00:00
517,Odobert,Wilson,Odobert,Spurs,TOT,MID,5.5,0.0,0,0,i,0,Knee injury - Unknown return date,2026-07-28T16:37:26.460290+00:00
314,Ogbene,Chiedozie,Ogbene,Ipswich Town,IPS,MID,5.0,0.0,0,0,a,,,2026-07-28T16:37:26.460290+00:00
336,Okafor,Noah,Okafor,Leeds,LEE,MID,6.0,0.8,0,0,a,,,2026-07-28T16:37:26.460290+00:00
524,Olusesi,Callum,Olusesi,Spurs,TOT,MID,4.5,0.9,0,0,a,,,2026-07-28T16:37:26.460290+00:00
48,Onana,Amadou,Onana,Aston Villa,AVL,MID,5.0,0.0,0,0,i,0,Knee injury - Unknown return date,2026-07-28T16:37:26.460290+00:00
104,Onyeka,Frank,Onyeka,Coventry City,COV,MID,5.0,0.2,0,0,a,,,2026-07-28T16:37:26.460290+00:00
134,Oriola,Nehemiah,Oriola,Brighton,BHA,MID,4.5,0.2,0,0,a,,,2026-07-28T16:37:26.460290+00:00
465,Osula,William,Osula,Newcastle,NEW,FWD,6.0,2.3,0,0,a,,,2026-07-28T16:37:26.460290+00:00
518,P.M.Sarr,Pape Matar,Sarr,Spurs,TOT,MID,5.0,0.4,0,0,a,,,2026-07-28T16:37:26.460290+00:00
152,Palestra,Marco,Palestra,Chelsea,CHE,DEF,5.5,1.6,0,0,a,,,2026-07-28T16:37:26.460290+00:00
154,Palmer,Cole,Palmer,Chelsea,CHE,MID,9.5,13.2,0,0,a,,,2026-07-28T16:37:26.460290+00:00
301,Palmer,Alex,Palmer,Ipswich Town,IPS,GK,4.0,6.4,0,0,a,,,2026-07-28T16:37:26.460290+00:00
234,Patterson,Nathan,Patterson,Everton,EVE,DEF,4.5,0.1,0,0,a,,,2026-07-28T16:37:26.460290+00:00
530,Patterson,Anthony,Patterson,Sunderland,SUN,GK,4.0,1.1,0,0,a,,,2026-07-28T16:37:26.460290+00:00
34,Pau,Pau,Torres,Aston Villa,AVL,DEF,4.5,0.2,0,0,a,,,2026-07-28T16:37:26.460290+00:00
353,Pecsi,Armin,Pecsi,Liverpool,LIV,GK,4.0,0.1,0,0,a,,,2026-07-28T16:37:26.460290+00:00
499,Pedro Porro,Pedro,Porro Sauceda,Spurs,TOT,DEF,5.5,24.0,0,0,a,,,2026-07-28T16:37:26.460290+00:00
560,Penders,Mike,Penders,Chelsea,CHE,GK,4.5,0.0,0,0,a,,,2026-07-28T16:37:26.460290+00:00
326,Perri,Lucas Estella,Perri,Leeds,LEE,GK,4.5,0.8,0,0,a,,,2026-07-28T16:37:26.460290+00:00
57,Petrović,Đorđe,Petrović,Bournemouth,BOU,GK,4.5,3.4,0,0,a,,,2026-07-28T16:37:26.460290+00:00
273,Phillips,Dillon,Phillips,Hull City,HUL,GK,4.0,2.4,0,0,a,,,2026-07-28T16:37:26.460290+00:00
408,Phillips,Kalvin,Phillips,Man City,MCI,MID,5.0,0.0,0,0,a,,,2026-07-28T16:37:26.460290+00:00
507,Phillips,Ashley,Phillips,Spurs,TOT,DEF,4.5,0.1,0,0,a,,,2026-07-28T16:37:26.460290+00:00
318,Philogene,Jaden,Philogene,Ipswich Town,IPS,MID,5.5,0.2,0,0,a,,,2026-07-28T16:37:26.460290+00:00
226,Pickford,Jordan,Pickford,Everton,EVE,GK,5.5,8.9,0,0,a,,,2026-07-28T16:37:26.460290+00:00
91,Pinnock,Ethan,Pinnock,Brentford,BRE,DEF,4.5,0.1,0,0,a,,,2026-07-28T16:37:26.460290+00:00
348,Piroe,Joël,Piroe,Leeds,LEE,FWD,5.0,0.5,0,0,a,,,2026-07-28T16:37:26.460290+00:00
442,Pope,Nick,Pope,Newcastle,NEW,GK,5.0,1.0,0,0,a,,,2026-07-28T16:37:26.460290+00:00
164,Quenda,Geovany,Quenda,Chelsea,CHE,MID,5.5,0.1,0,0,d,75,Unspecified injury - 75% chance of playing,2026-07-28T16:37:26.460290+00:00
365,Ramsay,Calvin,Ramsay,Liverpool,LIV,DEF,4.0,0.2,0,0,a,,,2026-07-28T16:37:26.460290+00:00
429,Rashford,Marcus,Rashford,Man Utd,MUN,MID,7.0,1.5,0,0,a,,,2026-07-28T16:37:26.460290+00:00
1,Raya,David,Raya Martín,Arsenal,ARS,GK,6.0,30.0,0,0,a,,,2026-07-28T16:37:26.460290+00:00
67,Rayan,Rayan Vitor,Simplício Rocha,Bournemouth,BOU,MID,6.5,3.4,0,0,a,,,2026-07-28T16:37:26.460290+00:00
270,Reed,Harrison,Reed,Fulham,FUL,MID,4.5,1.1,0,0,a,,,2026-07-28T16:37:26.460290+00:00
404,Reijnders,Tijjani,Reijnders,Man City,MCI,MID,6.0,0.3,0,0,a,,,2026-07-28T16:37:26.460290+00:00
536,Reinildo,Reinildo,Mandava,Sunderland,SUN,DEF,4.5,0.6,0,0,a,,,2026-07-28T16:37:26.460290+00:00
13,Rice,Declan,Rice,Arsenal,ARS,MID,7.5,21.9,0,0,a,,,2026-07-28T16:37:26.460290+00:00
202,Richards,Chris,Richards,Crystal Palace,CRY,DEF,5.0,0.8,0,0,a,,,2026-07-28T16:37:26.460290+00:00
527,Richarlison,Richarlison,de Andrade,Spurs,TOT,FWD,6.0,1.6,0,0,a,,,2026-07-28T16:37:26.460290+00:00
548,Rigg,Chris,Rigg,Sunderland,SUN,MID,5.0,0.1,0,0,a,,,2026-07-28T16:37:26.460290+00:00
502,Robertson,Andrew,Robertson,Spurs,TOT,DEF,4.5,1.7,0,0,a,,,2026-07-28T16:37:26.460290+00:00
254,Robinson,Antonee,Robinson,Fulham,FUL,DEF,4.5,3.4,0,0,a,,,2026-07-28T16:37:26.460290+00:00
329,Rodon,Joe,Rodon,Leeds,LEE,DEF,4.5,2.1,0,0,a,,,2026-07-28T16:37:26.460290+00:00
402,Rodrigo,Rodrigo 'Rodri',Hernandez Cascante,Man City,MCI,MID,6.5,0.1,0,0,i,0,Back injury - Unknown return date,2026-07-28T16:37:26.460290+00:00
81,Rodríguez,Álvaro,Rodríguez,Bournemouth,BOU,FWD,6.0,0.2,0,0,a,,,2026-07-28T16:37:26.460290+00:00
529,Roefs,Robin,Roefs,Sunderland,SUN,GK,5.0,5.7,0,0,a,,,2026-07-28T16:37:26.460290+00:00
40,Rogers,Morgan,Rogers,Chelsea,CHE,MID,7.5,33.2,0,0,a,,,2026-07-28T16:37:26.460290+00:00
500,Romero,Cristian,Romero,Spurs,TOT,DEF,5.0,1.0,0,0,a,,,2026-07-28T16:37:26.460290+00:00
510,Rowswell,James,Rowswell,Spurs,TOT,DEF,4.0,0.1,0,0,a,,,2026-07-28T16:37:26.460290+00:00
183,Rudoni,Jack,Rudoni,Coventry City,COV,MID,5.0,0.3,0,0,d,75,Shoulder injury - 75% chance of playing,2026-07-28T16:37:26.460290+00:00
110,Rushworth,Carl,Rushworth,Brighton,BHA,GK,4.5,0.3,0,0,a,,,2026-07-28T16:37:26.460290+00:00
246,Röhl,Merlin,Röhl,Everton,EVE,MID,5.0,0.1,0,0,a,,,2026-07-28T16:37:26.460290+00:00
390,Rúben,Rúben,dos Santos Gato Alves Dias,Man City,MCI,DEF,5.5,1.4,0,0,a,,,2026-07-28T16:37:26.460290+00:00
545,Sadiki,Noah,Sadiki,Sunderland,SUN,MID,5.0,0.4,0,0,a,,,2026-07-28T16:37:26.460290+00:00
12,Saka,Bukayo,Saka,Arsenal,ARS,MID,9.5,10.7,0,0,a,,,2026-07-28T16:37:26.460290+00:00
185,Sakamoto,Tatsuhiro,Sakamoto,Coventry City,COV,MID,5.0,0.2,0,0,a,,,2026-07-28T16:37:26.460290+00:00
6,Saliba,William,Saliba,Arsenal,ARS,DEF,6.0,0.5,0,0,i,0,Back injury - Unknown return date,2026-07-28T16:37:26.460290+00:00
488,Sangaré,Ibrahim,Sangaré,Nott'm Forest,NFO,MID,5.0,0.4,0,0,a,,,2026-07-28T16:37:26.460290+00:00
208,Sarr,Ismaïla,Sarr,Crystal Palace,CRY,MID,6.5,11.3,0,0,a,,,2026-07-28T16:37:26.460290+00:00
403,Savinho,Sávio,Moreira de Oliveira,Man City,MCI,MID,6.5,0.1,0,0,a,,,2026-07-28T16:37:26.460290+00:00
475,Savona,Nicolò,Savona,Nott'm Forest,NFO,DEF,4.5,0.0,0,0,i,0,Knee injury - Unknown return date,2026-07-28T16:37:26.460290+00:00
528,Scarlett,Dane,Scarlett,Spurs,TOT,FWD,4.5,1.8,0,0,a,,,2026-07-28T16:37:26.460290+00:00
94,Schade,Kevin,Schade,Brentford,BRE,MID,6.0,2.2,0,0,a,,,2026-07-28T16:37:26.460290+00:00
558,Schlager,Xaver,Schlager,Nott'm Forest,NFO,MID,5.0,0.1,0,0,a,,,2026-07-28T16:37:26.460290+00:00
93,Schuster,Jannik,Schuster,Brentford,BRE,DEF,4.5,0.1,0,0,a,,,2026-07-28T16:37:26.460290+00:00
446,Schär,Fabian,Schär,Newcastle,NEW,DEF,5.0,0.1,0,0,a,100,,2026-07-28T16:37:26.460290+00:00
69,Scott,Alex,Scott,Bournemouth,BOU,MID,6.0,1.6,0,0,a,,,2026-07-28T16:37:26.460290+00:00
537,Seelt,Jenson,Seelt,Sunderland,SUN,DEF,4.5,0.0,0,0,a,,,2026-07-28T16:37:26.460290+00:00
467,Sels,Matz,Sels,Nott'm Forest,NFO,GK,5.0,1.4,0,0,a,,,2026-07-28T16:37:26.460290+00:00
397,Semenyo,Antoine,Semenyo,Man City,MCI,MID,8.5,20.5,0,0,a,,,2026-07-28T16:37:26.460290+00:00
498,Senesi,Marcos,Senesi Barón,Spurs,TOT,DEF,6.0,11.4,0,0,a,,,2026-07-28T16:37:26.460290+00:00
269,Sessegnon,Ryan,Sessegnon,Fulham,FUL,DEF,4.5,0.4,0,0,a,,,2026-07-28T16:37:26.460290+00:00
423,Shaw,Luke,Shaw,Man Utd,MUN,DEF,4.5,22.7,0,0,a,,,2026-07-28T16:37:26.460290+00:00
189,Shepherd,George,Shepherd,Coventry City,COV,MID,4.5,0.3,0,0,a,,,2026-07-28T16:37:26.460290+00:00
195,Simms,Ellis,Simms,Coventry City,COV,FWD,5.0,0.7,0,0,a,,,2026-07-28T16:37:26.460290+00:00
290,Slater,Regan,Slater,Hull City,HUL,MID,4.5,1.3,0,0,a,,,2026-07-28T16:37:26.460290+00:00
64,Smith,Adam,Smith,Bournemouth,BOU,DEF,4.5,0.1,0,0,a,,,2026-07-28T16:37:26.460290+00:00
262,Smith Rowe,Emile,Smith Rowe,Fulham,FUL,MID,5.5,0.4,0,0,a,,,2026-07-28T16:37:26.460290+00:00
526,Solanke,Dominic,Solanke-Mitchell,Spurs,TOT,FWD,6.0,3.2,0,0,a,,,2026-07-28T16:37:26.460290+00:00
66,Soler,Julio,Soler Barreto,Bournemouth,BOU,DEF,4.0,0.6,0,0,a,,,2026-07-28T16:37:26.460290+00:00
205,Sosa,Borna,Sosa,Crystal Palace,CRY,DEF,4.5,0.0,0,0,a,,,2026-07-28T16:37:26.460290+00:00
511,Souza,João Victor,de Souza Menezes,Spurs,TOT,DEF,4.0,0.3,0,0,a,,,2026-07-28T16:37:26.460290+00:00
505,Spence,Djed,Spence,Spurs,TOT,DEF,4.5,10.4,0,0,a,,,2026-07-28T16:37:26.460290+00:00
335,Stach,Anton,Stach,Leeds,LEE,MID,6.0,1.5,0,0,a,,,2026-07-28T16:37:26.460290+00:00
111,Steele,Jason,Steele,Brighton,BHA,GK,4.0,5.2,0,0,a,,,2026-07-28T16:37:26.460290+00:00
462,Steur,Sean,Steur,Newcastle,NEW,MID,5.0,0.1,0,0,a,,,2026-07-28T16:37:26.460290+00:00
222,Strand Larsen,Jørgen,Strand Larsen,Crystal Palace,CRY,FWD,6.0,0.6,0,0,a,,,2026-07-28T16:37:26.460290+00:00
328,Struijk,Pascal,Struijk,Brighton,BHA,DEF,5.0,0.5,0,0,a,,,2026-07-28T16:37:26.460290+00:00
120,Svoboda,Michael,Svoboda,Brighton,BHA,DEF,5.0,0.1,0,0,a,,,2026-07-28T16:37:26.460290+00:00
319,Szmodics,Sam,Szmodics,Ipswich Town,IPS,MID,5.0,0.1,0,0,a,,,2026-07-28T16:37:26.460290+00:00
368,Szoboszlai,Dominik,Szoboszlai,Liverpool,LIV,MID,7.0,46.9,0,0,a,,,2026-07-28T16:37:26.460290+00:00
140,Sánchez,Robert,Lynch Sánchez,Chelsea,CHE,GK,5.0,2.0,0,0,a,,,2026-07-28T16:37:26.460290+00:00
549,Talbi,Chemsdine,Talbi,Sunderland,SUN,MID,5.5,0.2,0,0,a,,,2026-07-28T16:37:26.460290+00:00
345,Tanaka,Tanaka,Ao,Leeds,LEE,MID,5.0,0.3,0,0,a,,,2026-07-28T16:37:26.460290+00:00
556,Targett,Matt,Targett,Hull City,HUL,DEF,4.0,1.9,0,0,a,,,2026-07-28T16:37:26.460290+00:00
229,Tarkowski,James,Tarkowski,Everton,EVE,DEF,6.0,10.0,0,0,a,,,2026-07-28T16:37:26.460290+00:00
68,Tavernier,Marcus,Tavernier,Bournemouth,BOU,MID,6.0,1.4,0,0,a,,,2026-07-28T16:37:26.460290+00:00
312,Taylor,Jack,Taylor,Ipswich Town,IPS,MID,4.5,0.5,0,0,a,,,2026-07-28T16:37:26.460290+00:00
190,Tchaouna,Loum,Tchaouna,Coventry City,COV,MID,5.5,0.1,0,0,a,,,2026-07-28T16:37:26.460290+00:00
514,Tel,Mathys,Tel,Spurs,TOT,MID,6.0,0.2,0,0,a,,,2026-07-28T16:37:26.460290+00:00
256,Tete,Kenny,Tete,Fulham,FUL,DEF,4.5,0.2,0,0,a,,,2026-07-28T16:37:26.460290+00:00
106,Thiago,Igor Thiago,Nascimento Rodrigues,Brentford,BRE,FWD,8.0,16.2,0,0,a,,,2026-07-28T16:37:26.460290+00:00
445,Thiaw,Malick,Thiaw,Newcastle,NEW,DEF,5.0,2.4,0,0,a,,,2026-07-28T16:37:26.460290+00:00
173,Thomas,Bobby,Thomas,Coventry City,COV,DEF,4.0,5.9,0,0,a,,,2026-07-28T16:37:26.460290+00:00
194,Thomas-Asante,Brandon,Thomas-Asante,Coventry City,COV,FWD,5.0,1.0,0,0,a,,,2026-07-28T16:37:26.460290+00:00
43,Tielemans,Youri,Tielemans,Man Utd,MUN,MID,6.0,0.9,0,0,d,75,Hamstring injury - 75% chance of playing,2026-07-28T16:37:26.460290+00:00
455,Tonali,Sandro,Tonali,Spurs,TOT,MID,5.5,3.0,0,0,a,,,2026-07-28T16:37:26.460290+00:00
188,Torp,Victor,Torp,Coventry City,COV,MID,5.5,0.2,0,0,a,,,2026-07-28T16:37:26.460290+00:00
147,Tosin,Tosin,Adarabioyo,Chelsea,CHE,DEF,4.5,0.1,0,0,a,,,2026-07-28T16:37:26.460290+00:00
461,Touré,Bazoumana,Touré,Newcastle,NEW,MID,6.0,0.2,0,0,a,,,2026-07-28T16:37:26.460290+00:00
385,Trafford,James,Trafford,Man City,MCI,GK,5.0,1.4,0,0,a,,,2026-07-28T16:37:26.460290+00:00
227,Travers,Mark,Travers,Everton,EVE,GK,5.0,0.1,0,0,a,,,2026-07-28T16:37:26.460290+00:00
61,Truffert,Adrien,Truffert,Bournemouth,BOU,DEF,5.5,4.6,0,0,a,,,2026-07-28T16:37:26.460290+00:00
364,Tsimikas,Kostas,Tsimikas,Liverpool,LIV,DEF,5.0,0.1,0,0,a,,,2026-07-28T16:37:26.460290+00:00
137,Tzimas,Stefanos,Tzimas,Brighton,BHA,FWD,5.5,0.1,0,0,d,75,Knee injury - 75% chance of playing,2026-07-28T16:37:26.460290+00:00
557,Tzolis,Christos,Tzolis,Arsenal,ARS,MID,6.5,1.2,0,0,a,,,2026-07-28T16:37:26.460290+00:00
76,Tóth.A,Alex,Tóth,Bournemouth,BOU,MID,5.0,0.0,0,0,a,,,2026-07-28T16:37:26.460290+00:00
225,Uche,Christantus,Uche,Crystal Palace,CRY,FWD,5.0,0.0,0,0,u,0,has returned to Getafe CF,2026-07-28T16:37:26.460290+00:00
506,Udogie,Destiny,Udogie,Spurs,TOT,DEF,4.5,0.4,0,0,a,,,2026-07-28T16:37:26.460290+00:00
433,Ugarte,Manuel,Ugarte Ribeiro,Man Utd,MUN,MID,5.0,0.0,0,0,i,0,Knee injury - Unknown return date,2026-07-28T16:37:26.460290+00:00
83,Valdimarsson,Hákon Rafn,Valdimarsson,Brentford,BRE,GK,4.5,0.1,0,0,a,,,2026-07-28T16:37:26.460290+00:00
503,Van de Ven,Micky,van de Ven,Spurs,TOT,DEF,5.0,6.2,0,0,a,,,2026-07-28T16:37:26.460290+00:00
85,Van den Berg,Sepp,van den Berg,Brentford,BRE,DEF,5.0,0.7,0,0,a,,,2026-07-28T16:37:26.460290+00:00
175,van Ewijk,Milan,van Ewijk,Coventry City,COV,DEF,4.0,17.0,0,0,a,,,2026-07-28T16:37:26.460290+00:00
112,Van Hecke,Jan Paul,van Hecke,Spurs,TOT,DEF,5.0,8.2,0,0,a,,,2026-07-28T16:37:26.460290+00:00
554,Van Oevelen,Kayne,van Oevelen,Ipswich Town,IPS,GK,4.5,0.1,0,0,a,,,2026-07-28T16:37:26.460290+00:00
109,Verbruggen,Bart,Verbruggen,Brighton,BHA,GK,4.5,16.9,0,0,a,,,2026-07-28T16:37:26.460290+00:00
494,Vicario,Guglielmo,Vicario,Spurs,TOT,GK,4.5,1.7,0,0,a,,,2026-07-28T16:37:26.460290+00:00
356,Virgil,Virgil,van Dijk,Liverpool,LIV,DEF,6.5,15.6,0,0,a,,,2026-07-28T16:37:26.460290+00:00
396,Vitor Reis,Vitor,de Oliveira Nunes dos Reis,Man City,MCI,DEF,4.5,0.0,0,0,a,,,2026-07-28T16:37:26.460290+00:00
504,Vuskovic,Luka,Vušković,Brighton,BHA,DEF,5.0,2.7,0,0,a,,,2026-07-28T16:37:26.460290+00:00
321,Walle Egeli,Sindre,Walle Egeli,Ipswich Town,IPS,FWD,4.5,2.4,0,0,a,,,2026-07-28T16:37:26.460290+00:00
300,Walton,Christian,Walton,Ipswich Town,IPS,GK,4.5,0.7,0,0,a,,,2026-07-28T16:37:26.460290+00:00
55,Watkins,Ollie,Watkins,Aston Villa,AVL,FWD,8.0,12.2,0,0,a,,,2026-07-28T16:37:26.460290+00:00
133,Watson,Tom,Watson,Brighton,BHA,MID,5.0,0.0,0,0,a,,,2026-07-28T16:37:26.460290+00:00
136,Welbeck,Danny,Welbeck,Brighton,BHA,FWD,6.0,3.0,0,0,a,,,2026-07-28T16:37:26.460290+00:00
210,Wharton,Adam,Wharton,Crystal Palace,CRY,MID,5.5,0.2,0,0,d,75,Ankle injury - 75% chance of playing,2026-07-28T16:37:26.460290+00:00
10,White,Benjamin,White,Arsenal,ARS,DEF,5.5,0.0,0,0,i,0,Knee injury - Expected back 21 Aug,2026-07-28T16:37:26.460290+00:00
130,Wieffer,Mats,Wieffer,Brighton,BHA,DEF,5.0,0.3,0,0,a,,,2026-07-28T16:37:26.460290+00:00
460,Willock,Joe,Willock,Newcastle,NEW,MID,5.0,0.1,0,0,a,,,2026-07-28T16:37:26.460290+00:00
108,Wilson,Callum,Wilson,Brentford,BRE,FWD,5.5,0.4,0,0,a,,,2026-07-28T16:37:26.460290+00:00
172,Wilson,Ben,Wilson,Coventry City,COV,GK,4.5,0.7,0,0,a,,,2026-07-28T16:37:26.460290+00:00
260,Wilson,Harry,Wilson,Leeds,LEE,MID,6.5,9.0,0,0,a,,,2026-07-28T16:37:26.460290+00:00
366,Wirtz,Florian,Wirtz,Liverpool,LIV,MID,7.5,10.8,0,0,a,,,2026-07-28T16:37:26.460290+00:00
464,Wissa,Yoane,Wissa,Newcastle,NEW,FWD,6.0,1.5,0,0,a,,,2026-07-28T16:37:26.460290+00:00
463,Woltemade,Nick,Woltemade,Newcastle,NEW,FWD,6.0,1.6,0,0,a,,,2026-07-28T16:37:26.460290+00:00
490,Wood,Chris,Wood,Nott'm Forest,NFO,FWD,6.0,1.8,0,0,a,,,2026-07-28T16:37:26.460290+00:00
352,Woodman,Freddie,Woodman,Liverpool,LIV,GK,4.0,1.3,0,0,a,,,2026-07-28T16:37:26.460290+00:00
180,Woolfenden,Luke,Woolfenden,Coventry City,COV,DEF,4.0,0.3,0,0,a,,,2026-07-28T16:37:26.460290+00:00
193,Wright,Haji,Wright,Coventry City,COV,FWD,5.5,1.8,0,0,a,,,2026-07-28T16:37:26.460290+00:00
513,Xavi,Xavi,Simons,Spurs,TOT,MID,6.0,0.0,0,0,i,0,Knee injury - Unknown return date,2026-07-28T16:37:26.460290+00:00
544,Xhaka,Granit,Xhaka,Sunderland,SUN,MID,5.5,6.3,0,0,a,,,2026-07-28T16:37:26.460290+00:00
102,Yarmoliuk,Yehor,Yarmoliuk,Brentford,BRE,MID,5.0,1.5,0,0,a,,,2026-07-28T16:37:26.460290+00:00
489,Yates,Ryan,Yates,Nott'm Forest,NFO,MID,4.5,7.5,0,0,a,,,2026-07-28T16:37:26.460290+00:00
211,Yeremy,Yéremy,Pino Santos,Crystal Palace,CRY,MID,5.5,0.2,0,0,a,,,2026-07-28T16:37:26.460290+00:00
135,Yohanna,Zadok,Yohanna,Brighton,BHA,MID,5.0,0.1,0,0,a,,,2026-07-28T16:37:26.460290+00:00
420,Yoro,Leny,Yoro,Man Utd,MUN,DEF,5.0,0.6,0,0,a,,,2026-07-28T16:37:26.460290+00:00
294,Zambrano,Óscar,Zambrano,Hull City,HUL,MID,4.5,0.6,0,0,a,,,2026-07-28T16:37:26.460290+00:00
440,Zirkzee,Joshua,Zirkzee,Man Utd,MUN,FWD,5.5,0.7,0,0,a,,,2026-07-28T16:37:26.460290+00:00
19,Zubimendi,Martín,Zubimendi Ibáñez,Arsenal,ARS,MID,5.5,1.4,0,0,a,,,2026-07-28T16:37:26.460290+00:00
292,Ömür,Abdülkadir,Ömür,Hull City,HUL,MID,5.0,0.0,0,0,a,,,2026-07-28T16:37:26.460290+00:00
15,Ødegaard,Martin,Ødegaard,Arsenal,ARS,MID,6.5,2.9,0,0,a,,,2026-07-28T16:37:26.460290+00:00
439,Šeško,Benjamin,Sesko,Man Utd,MUN,FWD,7.0,3.2,0,0,d,75,Shin injury - 75% chance of playing,2026-07-28T16:37:26.460290+00:00
